Project Name,Package Name,Type Name,Code Smell
java,com.fasterxml.jackson.databind,DatabindContext,Cyclic-Dependent Modularization
java,com.fasterxml.jackson.databind,DatabindContext,Insufficient Modularization
java,com.fasterxml.jackson.databind,BeanProperty,Deficient Encapsulation
java,com.fasterxml.jackson.databind,BeanProperty,Rebellious Hierarchy
java,com.fasterxml.jackson.databind,BeanProperty,Cyclic-Dependent Modularization
java,com.fasterxml.jackson.databind,BeanProperty,Insufficient Modularization
java,com.fasterxml.jackson.databind,Std,Cyclic-Dependent Modularization
java,com.fasterxml.jackson.databind,Bogus,Unutilized Abstraction
java,com.fasterxml.jackson.databind,ObjectWriter,Deficient Encapsulation
java,com.fasterxml.jackson.databind,ObjectWriter,Cyclic-Dependent Modularization
java,com.fasterxml.jackson.databind,ObjectWriter,Insufficient Modularization
java,com.fasterxml.jackson.databind,GeneratorSettings,Deficient Encapsulation
java,com.fasterxml.jackson.databind,Prefetch,Deficient Encapsulation
java,com.fasterxml.jackson.databind,Prefetch,Cyclic-Dependent Modularization
java,com.fasterxml.jackson.databind,RuntimeJsonMappingException,Unutilized Abstraction
java,com.fasterxml.jackson.databind,PropertyNamingStrategies,Multifaceted Abstraction
java,com.fasterxml.jackson.databind,PropertyNamingStrategies,Deficient Encapsulation
java,com.fasterxml.jackson.databind,PropertyNamingStrategies,Cyclic-Dependent Modularization
java,com.fasterxml.jackson.databind,NamingBase,Unutilized Abstraction
java,com.fasterxml.jackson.databind,NamingBase,Rebellious Hierarchy
java,com.fasterxml.jackson.databind,SnakeCaseStrategy,Unutilized Abstraction
java,com.fasterxml.jackson.databind,SnakeCaseStrategy,Deficient Encapsulation
java,com.fasterxml.jackson.databind,SnakeCaseStrategy,Cyclic-Dependent Modularization
java,com.fasterxml.jackson.databind,UpperSnakeCaseStrategy,Deficient Encapsulation
java,com.fasterxml.jackson.databind,UpperSnakeCaseStrategy,Cyclic-Dependent Modularization
java,com.fasterxml.jackson.databind,LowerCamelCaseStrategy,Unutilized Abstraction
java,com.fasterxml.jackson.databind,LowerCamelCaseStrategy,Deficient Encapsulation
java,com.fasterxml.jackson.databind,LowerCamelCaseStrategy,Cyclic-Dependent Modularization
java,com.fasterxml.jackson.databind,UpperCamelCaseStrategy,Unutilized Abstraction
java,com.fasterxml.jackson.databind,UpperCamelCaseStrategy,Deficient Encapsulation
java,com.fasterxml.jackson.databind,UpperCamelCaseStrategy,Cyclic-Dependent Modularization
java,com.fasterxml.jackson.databind,LowerCaseStrategy,Unutilized Abstraction
java,com.fasterxml.jackson.databind,LowerCaseStrategy,Deficient Encapsulation
java,com.fasterxml.jackson.databind,LowerCaseStrategy,Cyclic-Dependent Modularization
java,com.fasterxml.jackson.databind,KebabCaseStrategy,Unutilized Abstraction
java,com.fasterxml.jackson.databind,KebabCaseStrategy,Deficient Encapsulation
java,com.fasterxml.jackson.databind,KebabCaseStrategy,Cyclic-Dependent Modularization
java,com.fasterxml.jackson.databind,LowerDotCaseStrategy,Unutilized Abstraction
java,com.fasterxml.jackson.databind,LowerDotCaseStrategy,Deficient Encapsulation
java,com.fasterxml.jackson.databind,LowerDotCaseStrategy,Cyclic-Dependent Modularization
java,com.fasterxml.jackson.databind,JsonNode,Unutilized Abstraction
java,com.fasterxml.jackson.databind,JsonNode,Cyclic-Dependent Modularization
java,com.fasterxml.jackson.databind,JsonNode,Insufficient Modularization
java,com.fasterxml.jackson.databind,InjectableValues,Cyclic-Dependent Modularization
java,com.fasterxml.jackson.databind,Std,Unutilized Abstraction
java,com.fasterxml.jackson.databind,DeserializationConfig,Cyclic-Dependent Modularization
java,com.fasterxml.jackson.databind,DeserializationConfig,Insufficient Modularization
java,com.fasterxml.jackson.databind,JsonMappingException,Cyclic-Dependent Modularization
java,com.fasterxml.jackson.databind,JsonMappingException,Insufficient Modularization
java,com.fasterxml.jackson.databind,SerializationConfig,Cyclic-Dependent Modularization
java,com.fasterxml.jackson.databind,SerializationConfig,Insufficient Modularization
java,com.fasterxml.jackson.databind,JsonSerializable,Cyclic-Dependent Modularization
java,com.fasterxml.jackson.databind,Base,Unutilized Abstraction
java,com.fasterxml.jackson.databind,AnnotationIntrospector,Cyclic-Dependent Modularization
java,com.fasterxml.jackson.databind,AnnotationIntrospector,Insufficient Modularization
java,com.fasterxml.jackson.databind,XmlExtensions,Unutilized Abstraction
java,com.fasterxml.jackson.databind,KeyDeserializer,Cyclic-Dependent Modularization
java,com.fasterxml.jackson.databind,None,Unnecessary Abstraction
java,com.fasterxml.jackson.databind,None,Unutilized Abstraction
java,com.fasterxml.jackson.databind,ObjectReader,Cyclic-Dependent Modularization
java,com.fasterxml.jackson.databind,ObjectReader,Insufficient Modularization
java,com.fasterxml.jackson.databind,PropertyMetadata,Deficient Encapsulation
java,com.fasterxml.jackson.databind,PropertyMetadata,Cyclic-Dependent Modularization
java,com.fasterxml.jackson.databind,PropertyMetadata,Insufficient Modularization
java,com.fasterxml.jackson.databind,MergeInfo,Deficient Encapsulation
java,com.fasterxml.jackson.databind,MergeInfo,Cyclic-Dependent Modularization
java,com.fasterxml.jackson.databind,BeanDescription,Cyclic-Dependent Modularization
java,com.fasterxml.jackson.databind,BeanDescription,Insufficient Modularization
java,com.fasterxml.jackson.databind,JsonDeserializer,Cyclic-Dependent Modularization
java,com.fasterxml.jackson.databind,JsonDeserializer,Insufficient Modularization
java,com.fasterxml.jackson.databind,None,Unutilized Abstraction
java,com.fasterxml.jackson.databind,JavaType,Cyclic-Dependent Modularization
java,com.fasterxml.jackson.databind,JavaType,Insufficient Modularization
java,com.fasterxml.jackson.databind,AbstractTypeResolver,Cyclic-Dependent Modularization
java,com.fasterxml.jackson.databind,Module,Cyclic-Dependent Modularization
java,com.fasterxml.jackson.databind,Module,Insufficient Modularization
java,com.fasterxml.jackson.databind,SetupContext,Cyclic-Dependent Modularization
java,com.fasterxml.jackson.databind,SetupContext,Insufficient Modularization
java,com.fasterxml.jackson.databind,PropertyNamingStrategy,Multifaceted Abstraction
java,com.fasterxml.jackson.databind,PropertyNamingStrategy,Deficient Encapsulation
java,com.fasterxml.jackson.databind,PropertyNamingStrategy,Cyclic-Dependent Modularization
java,com.fasterxml.jackson.databind,PropertyNamingStrategyBase,Rebellious Hierarchy
java,com.fasterxml.jackson.databind,PropertyNamingStrategyBase,Cyclic-Dependent Modularization
java,com.fasterxml.jackson.databind,SnakeCaseStrategy,Unutilized Abstraction
java,com.fasterxml.jackson.databind,UpperCamelCaseStrategy,Unutilized Abstraction
java,com.fasterxml.jackson.databind,LowerCaseStrategy,Unutilized Abstraction
java,com.fasterxml.jackson.databind,KebabCaseStrategy,Unutilized Abstraction
java,com.fasterxml.jackson.databind,LowerDotCaseStrategy,Unutilized Abstraction
java,com.fasterxml.jackson.databind,LowerCaseWithUnderscoresStrategy,Unnecessary Abstraction
java,com.fasterxml.jackson.databind,LowerCaseWithUnderscoresStrategy,Unutilized Abstraction
java,com.fasterxml.jackson.databind,PascalCaseStrategy,Unnecessary Abstraction
java,com.fasterxml.jackson.databind,PascalCaseStrategy,Unutilized Abstraction
java,com.fasterxml.jackson.databind,DeserializationContext,Cyclic-Dependent Modularization
java,com.fasterxml.jackson.databind,DeserializationContext,Insufficient Modularization
java,com.fasterxml.jackson.databind,DeserializationContext,Hub-like Modularization
java,com.fasterxml.jackson.databind,SequenceWriter,Unutilized Abstraction
java,com.fasterxml.jackson.databind,SerializerProvider,Deficient Encapsulation
java,com.fasterxml.jackson.databind,SerializerProvider,Cyclic-Dependent Modularization
java,com.fasterxml.jackson.databind,SerializerProvider,Insufficient Modularization
java,com.fasterxml.jackson.databind,ObjectMapper,Cyclic-Dependent Modularization
java,com.fasterxml.jackson.databind,ObjectMapper,Insufficient Modularization
java,com.fasterxml.jackson.databind,DefaultTypeResolverBuilder,Cyclic-Dependent Modularization
java,com.fasterxml.jackson.databind,JsonSerializer,Cyclic-Dependent Modularization
java,com.fasterxml.jackson.databind,None,Unnecessary Abstraction
java,com.fasterxml.jackson.databind,None,Unutilized Abstraction
java,com.fasterxml.jackson.databind,EnumNamingStrategies,Unutilized Abstraction
java,com.fasterxml.jackson.databind,EnumNamingStrategies,Deficient Encapsulation
java,com.fasterxml.jackson.databind,CamelCaseStrategy,Deficient Encapsulation
java,com.fasterxml.jackson.databind,PropertyName,Deficient Encapsulation
java,com.fasterxml.jackson.databind,PropertyName,Cyclic-Dependent Modularization
java,com.fasterxml.jackson.databind.node,TreeTraversingParser,Cyclic-Dependent Modularization
java,com.fasterxml.jackson.databind.node,TreeTraversingParser,Insufficient Modularization
java,com.fasterxml.jackson.databind.node,ContainerNode,Rebellious Hierarchy
java,com.fasterxml.jackson.databind.node,ContainerNode,Insufficient Modularization
java,com.fasterxml.jackson.databind.node,DoubleNode,Cyclic-Dependent Modularization
java,com.fasterxml.jackson.databind.node,DoubleNode,Insufficient Modularization
java,com.fasterxml.jackson.databind.node,NodeSerialization,Deficient Encapsulation
java,com.fasterxml.jackson.databind.node,NodeSerialization,Cyclic-Dependent Modularization
java,com.fasterxml.jackson.databind.node,DecimalNode,Deficient Encapsulation
java,com.fasterxml.jackson.databind.node,DecimalNode,Cyclic-Dependent Modularization
java,com.fasterxml.jackson.databind.node,DecimalNode,Insufficient Modularization
java,com.fasterxml.jackson.databind.node,IntNode,Cyclic-Dependent Modularization
java,com.fasterxml.jackson.databind.node,IntNode,Insufficient Modularization
java,com.fasterxml.jackson.databind.node,JsonNodeFactory,Unutilized Abstraction
java,com.fasterxml.jackson.databind.node,JsonNodeFactory,Deficient Encapsulation
java,com.fasterxml.jackson.databind.node,JsonNodeFactory,Cyclic-Dependent Modularization
java,com.fasterxml.jackson.databind.node,JsonNodeFactory,Insufficient Modularization
java,com.fasterxml.jackson.databind.node,BaseJsonNode,Rebellious Hierarchy
java,com.fasterxml.jackson.databind.node,BaseJsonNode,Cyclic-Dependent Modularization
java,com.fasterxml.jackson.databind.node,ShortNode,Cyclic-Dependent Modularization
java,com.fasterxml.jackson.databind.node,ShortNode,Insufficient Modularization
java,com.fasterxml.jackson.databind.node,POJONode,Unutilized Abstraction
java,com.fasterxml.jackson.databind.node,NumericNode,Unutilized Abstraction
java,com.fasterxml.jackson.databind.node,NumericNode,Broken Hierarchy
java,com.fasterxml.jackson.databind.node,NumericNode,Rebellious Hierarchy
java,com.fasterxml.jackson.databind.node,MissingNode,Unutilized Abstraction
java,com.fasterxml.jackson.databind.node,MissingNode,Cyclic-Dependent Modularization
java,com.fasterxml.jackson.databind.node,BinaryNode,Unutilized Abstraction
java,com.fasterxml.jackson.databind.node,BinaryNode,Cyclic-Dependent Modularization
java,com.fasterxml.jackson.databind.node,InternalNodeMapper,Unexploited Encapsulation
java,com.fasterxml.jackson.databind.node,InternalNodeMapper,Missing Hierarchy
java,com.fasterxml.jackson.databind.node,InternalNodeMapper,Cyclic-Dependent Modularization
java,com.fasterxml.jackson.databind.node,WrapperForSerializer,Unutilized Abstraction
java,com.fasterxml.jackson.databind.node,WrapperForSerializer,Unexploited Encapsulation
java,com.fasterxml.jackson.databind.node,WrapperForSerializer,Broken Hierarchy
java,com.fasterxml.jackson.databind.node,WrapperForSerializer,Missing Hierarchy
java,com.fasterxml.jackson.databind.node,JsonNodeCreator,Unutilized Abstraction
java,com.fasterxml.jackson.databind.node,JsonNodeCreator,Insufficient Modularization
java,com.fasterxml.jackson.databind.node,NullNode,Unutilized Abstraction
java,com.fasterxml.jackson.databind.node,NullNode,Deficient Encapsulation
java,com.fasterxml.jackson.databind.node,NullNode,Cyclic-Dependent Modularization
java,com.fasterxml.jackson.databind.node,NodeCursor,Cyclic-Dependent Modularization
java,com.fasterxml.jackson.databind.node,NodeCursor,Insufficient Modularization
java,com.fasterxml.jackson.databind.node,RootCursor,Unutilized Abstraction
java,com.fasterxml.jackson.databind.node,ArrayCursor,Unutilized Abstraction
java,com.fasterxml.jackson.databind.node,ObjectCursor,Unutilized Abstraction
java,com.fasterxml.jackson.databind.node,TextNode,Unutilized Abstraction
java,com.fasterxml.jackson.databind.node,TextNode,Cyclic-Dependent Modularization
java,com.fasterxml.jackson.databind.node,ValueNode,Unutilized Abstraction
java,com.fasterxml.jackson.databind.node,ValueNode,Rebellious Hierarchy
java,com.fasterxml.jackson.databind.node,ArrayNode,Cyclic-Dependent Modularization
java,com.fasterxml.jackson.databind.node,ArrayNode,Insufficient Modularization
java,com.fasterxml.jackson.databind.node,FloatNode,Cyclic-Dependent Modularization
java,com.fasterxml.jackson.databind.node,FloatNode,Insufficient Modularization
java,com.fasterxml.jackson.databind.node,LongNode,Cyclic-Dependent Modularization
java,com.fasterxml.jackson.databind.node,LongNode,Insufficient Modularization
java,com.fasterxml.jackson.databind.node,BigIntegerNode,Cyclic-Dependent Modularization
java,com.fasterxml.jackson.databind.node,BigIntegerNode,Insufficient Modularization
java,com.fasterxml.jackson.databind.node,ObjectNode,Cyclic-Dependent Modularization
java,com.fasterxml.jackson.databind.node,ObjectNode,Insufficient Modularization
java,com.fasterxml.jackson.databind.node,BooleanNode,Unutilized Abstraction
java,com.fasterxml.jackson.databind.node,BooleanNode,Deficient Encapsulation
java,com.fasterxml.jackson.databind.node,BooleanNode,Cyclic-Dependent Modularization
java,com.fasterxml.jackson.databind.introspect,AnnotatedFieldCollector,Deficient Encapsulation
java,com.fasterxml.jackson.databind.introspect,AnnotatedFieldCollector,Broken Hierarchy
java,com.fasterxml.jackson.databind.introspect,AnnotatedFieldCollector,Cyclic-Dependent Modularization
java,com.fasterxml.jackson.databind.introspect,FieldBuilder,Deficient Encapsulation
java,com.fasterxml.jackson.databind.introspect,FieldBuilder,Cyclic-Dependent Modularization
java,com.fasterxml.jackson.databind.introspect,BasicClassIntrospector,Unutilized Abstraction
java,com.fasterxml.jackson.databind.introspect,ClassIntrospector,Cyclic-Dependent Modularization
java,com.fasterxml.jackson.databind.introspect,AnnotatedMethodCollector,Deficient Encapsulation
java,com.fasterxml.jackson.databind.introspect,AnnotatedMethodCollector,Broken Hierarchy
java,com.fasterxml.jackson.databind.introspect,AnnotatedMethodCollector,Cyclic-Dependent Modularization
java,com.fasterxml.jackson.databind.introspect,MethodBuilder,Deficient Encapsulation
java,com.fasterxml.jackson.databind.introspect,MethodBuilder,Cyclic-Dependent Modularization
java,com.fasterxml.jackson.databind.introspect,VisibilityChecker,Cyclic-Dependent Modularization
java,com.fasterxml.jackson.databind.introspect,VisibilityChecker,Insufficient Modularization
java,com.fasterxml.jackson.databind.introspect,Std,Cyclic-Dependent Modularization
java,com.fasterxml.jackson.databind.introspect,Std,Insufficient Modularization
java,com.fasterxml.jackson.databind.introspect,AnnotatedParameter,Cyclic-Dependent Modularization
java,com.fasterxml.jackson.databind.introspect,CollectorBase,Cyclic-Dependent Modularization
java,com.fasterxml.jackson.databind.introspect,SimpleMixInResolver,Cyclic-Dependent Modularization
java,com.fasterxml.jackson.databind.introspect,BasicBeanDescription,Insufficient Modularization
java,com.fasterxml.jackson.databind.introspect,ObjectIdInfo,Cyclic-Dependent Modularization
java,com.fasterxml.jackson.databind.introspect,NopAnnotationIntrospector,Deficient Encapsulation
java,com.fasterxml.jackson.databind.introspect,AnnotatedConstructor,Cyclic-Dependent Modularization
java,com.fasterxml.jackson.databind.introspect,AnnotatedConstructor,Insufficient Modularization
java,com.fasterxml.jackson.databind.introspect,AnnotatedClass,Deficient Encapsulation
java,com.fasterxml.jackson.databind.introspect,AnnotatedClass,Unexploited Encapsulation
java,com.fasterxml.jackson.databind.introspect,AnnotatedClass,Missing Hierarchy
java,com.fasterxml.jackson.databind.introspect,AnnotatedClass,Cyclic-Dependent Modularization
java,com.fasterxml.jackson.databind.introspect,AnnotatedClass,Insufficient Modularization
java,com.fasterxml.jackson.databind.introspect,Creators,Deficient Encapsulation
java,com.fasterxml.jackson.databind.introspect,Creators,Cyclic-Dependent Modularization
java,com.fasterxml.jackson.databind.introspect,AnnotatedWithParams,Broken Hierarchy
java,com.fasterxml.jackson.databind.introspect,AnnotatedWithParams,Cyclic-Dependent Modularization
java,com.fasterxml.jackson.databind.introspect,EnumNamingStrategyFactory,Cyclic-Dependent Modularization
java,com.fasterxml.jackson.databind.introspect,AnnotatedCreatorCollector,Broken Hierarchy
java,com.fasterxml.jackson.databind.introspect,AnnotatedCreatorCollector,Cyclic-Dependent Modularization
java,com.fasterxml.jackson.databind.introspect,AnnotatedField,Cyclic-Dependent Modularization
java,com.fasterxml.jackson.databind.introspect,Serialization,Unutilized Abstraction
java,com.fasterxml.jackson.databind.introspect,JacksonAnnotationIntrospector,Unutilized Abstraction
java,com.fasterxml.jackson.databind.introspect,JacksonAnnotationIntrospector,Insufficient Modularization
java,com.fasterxml.jackson.databind.introspect,BeanPropertyDefinition,Rebellious Hierarchy
java,com.fasterxml.jackson.databind.introspect,BeanPropertyDefinition,Cyclic-Dependent Modularization
java,com.fasterxml.jackson.databind.introspect,BeanPropertyDefinition,Insufficient Modularization
java,com.fasterxml.jackson.databind.introspect,AnnotatedClassResolver,Cyclic-Dependent Modularization
java,com.fasterxml.jackson.databind.introspect,POJOPropertiesCollector,Unexploited Encapsulation
java,com.fasterxml.jackson.databind.introspect,POJOPropertiesCollector,Missing Hierarchy
java,com.fasterxml.jackson.databind.introspect,POJOPropertiesCollector,Cyclic-Dependent Modularization
java,com.fasterxml.jackson.databind.introspect,POJOPropertiesCollector,Insufficient Modularization
java,com.fasterxml.jackson.databind.introspect,DefaultAccessorNamingStrategy,Cyclic-Dependent Modularization
java,com.fasterxml.jackson.databind.introspect,Provider,Cyclic Hierarchy
java,com.fasterxml.jackson.databind.introspect,Provider,Deep Hierarchy
java,com.fasterxml.jackson.databind.introspect,Provider,Cyclic-Dependent Modularization
java,com.fasterxml.jackson.databind.introspect,RecordNaming,Unutilized Abstraction
java,com.fasterxml.jackson.databind.introspect,TypeResolutionContext,Cyclic-Dependent Modularization
java,com.fasterxml.jackson.databind.introspect,Basic,Unutilized Abstraction
java,com.fasterxml.jackson.databind.introspect,Empty,Unutilized Abstraction
java,com.fasterxml.jackson.databind.introspect,AccessorNamingStrategy,Cyclic-Dependent Modularization
java,com.fasterxml.jackson.databind.introspect,Base,Unutilized Abstraction
java,com.fasterxml.jackson.databind.introspect,Provider,Unutilized Abstraction
java,com.fasterxml.jackson.databind.introspect,AnnotatedAndMetadata,Deficient Encapsulation
java,com.fasterxml.jackson.databind.introspect,AnnotationIntrospectorPair,Cyclic-Dependent Modularization
java,com.fasterxml.jackson.databind.introspect,AnnotationIntrospectorPair,Insufficient Modularization
java,com.fasterxml.jackson.databind.introspect,AnnotationCollector,Deficient Encapsulation
java,com.fasterxml.jackson.databind.introspect,AnnotationCollector,Insufficient Modularization
java,com.fasterxml.jackson.databind.introspect,EmptyCollector,Deficient Encapsulation
java,com.fasterxml.jackson.databind.introspect,OneCollector,Unutilized Abstraction
java,com.fasterxml.jackson.databind.introspect,NCollector,Unutilized Abstraction
java,com.fasterxml.jackson.databind.introspect,NoAnnotations,Unutilized Abstraction
java,com.fasterxml.jackson.databind.introspect,OneAnnotation,Unutilized Abstraction
java,com.fasterxml.jackson.databind.introspect,TwoAnnotations,Unutilized Abstraction
java,com.fasterxml.jackson.databind.introspect,POJOPropertyBuilder,Deficient Encapsulation
java,com.fasterxml.jackson.databind.introspect,POJOPropertyBuilder,Cyclic-Dependent Modularization
java,com.fasterxml.jackson.databind.introspect,POJOPropertyBuilder,Insufficient Modularization
java,com.fasterxml.jackson.databind.introspect,WithMember,Unutilized Abstraction
java,com.fasterxml.jackson.databind.introspect,MemberIterator,Unutilized Abstraction
java,com.fasterxml.jackson.databind.introspect,Linked,Deficient Encapsulation
java,com.fasterxml.jackson.databind.introspect,AnnotatedMethod,Cyclic-Dependent Modularization
java,com.fasterxml.jackson.databind.introspect,AnnotatedMethod,Insufficient Modularization
java,com.fasterxml.jackson.databind.introspect,Serialization,Unutilized Abstraction
java,com.fasterxml.jackson.databind.introspect,AnnotatedMember,Cyclic-Dependent Modularization
java,com.fasterxml.jackson.databind.introspect,MethodGenericTypeResolver,Cyclic-Dependent Modularization
java,com.fasterxml.jackson.databind.module,SimpleSerializers,Unutilized Abstraction
java,com.fasterxml.jackson.databind.module,SimpleModule,Unutilized Abstraction
java,com.fasterxml.jackson.databind.module,SimpleModule,Insufficient Modularization
java,com.fasterxml.jackson.databind.module,SimpleDeserializers,Unutilized Abstraction
java,com.fasterxml.jackson.databind.module,SimpleDeserializers,Broken Hierarchy
java,com.fasterxml.jackson.databind.module,SimpleValueInstantiators,Unutilized Abstraction
java,com.fasterxml.jackson.databind.module,SimpleValueInstantiators,Broken Hierarchy
java,com.fasterxml.jackson.databind.deser,DefaultDeserializationContext,Unexploited Encapsulation
java,com.fasterxml.jackson.databind.deser,DefaultDeserializationContext,Missing Hierarchy
java,com.fasterxml.jackson.databind.deser,DefaultDeserializationContext,Cyclic-Dependent Modularization
java,com.fasterxml.jackson.databind.deser,Impl,Cyclic-Dependent Modularization
java,com.fasterxml.jackson.databind.deser,UnresolvedForwardReference,Cyclic-Dependent Modularization
java,com.fasterxml.jackson.databind.deser,ContextualDeserializer,Unutilized Abstraction
java,com.fasterxml.jackson.databind.deser,ContextualDeserializer,Wide Hierarchy
java,com.fasterxml.jackson.databind.deser,NullValueProvider,Cyclic-Dependent Modularization
java,com.fasterxml.jackson.databind.deser,SettableBeanProperty,Broken Hierarchy
java,com.fasterxml.jackson.databind.deser,SettableBeanProperty,Rebellious Hierarchy
java,com.fasterxml.jackson.databind.deser,SettableBeanProperty,Cyclic-Dependent Modularization
java,com.fasterxml.jackson.databind.deser,SettableBeanProperty,Insufficient Modularization
java,com.fasterxml.jackson.databind.deser,Delegating,Unutilized Abstraction
java,com.fasterxml.jackson.databind.deser,Delegating,Rebellious Hierarchy
java,com.fasterxml.jackson.databind.deser,Delegating,Insufficient Modularization
java,com.fasterxml.jackson.databind.deser,DeserializerFactory,Cyclic-Dependent Modularization
java,com.fasterxml.jackson.databind.deser,DeserializerFactory,Insufficient Modularization
java,com.fasterxml.jackson.databind.deser,CreatorProperty,Cyclic-Dependent Modularization
java,com.fasterxml.jackson.databind.deser,CreatorProperty,Insufficient Modularization
java,com.fasterxml.jackson.databind.deser,BeanDeserializerModifier,Cyclic-Dependent Modularization
java,com.fasterxml.jackson.databind.deser,BeanDeserializerBuilder,Cyclic-Dependent Modularization
java,com.fasterxml.jackson.databind.deser,BeanDeserializerBuilder,Insufficient Modularization
java,com.fasterxml.jackson.databind.deser,BuilderBasedDeserializer,Insufficient Modularization
java,com.fasterxml.jackson.databind.deser,KeyDeserializers,Cyclic-Dependent Modularization
java,com.fasterxml.jackson.databind.deser,SettableAnyProperty,Cyclic-Dependent Modularization
java,com.fasterxml.jackson.databind.deser,SettableAnyProperty,Insufficient Modularization
java,com.fasterxml.jackson.databind.deser,AnySetterReferring,Cyclic-Dependent Modularization
java,com.fasterxml.jackson.databind.deser,MethodAnyProperty,Unutilized Abstraction
java,com.fasterxml.jackson.databind.deser,MapFieldAnyProperty,Unutilized Abstraction
java,com.fasterxml.jackson.databind.deser,JsonNodeFieldAnyProperty,Unutilized Abstraction
java,com.fasterxml.jackson.databind.deser,BeanDeserializer,Cyclic-Dependent Modularization
java,com.fasterxml.jackson.databind.deser,BeanDeserializer,Insufficient Modularization
java,com.fasterxml.jackson.databind.deser,BeanReferring,Cyclic-Dependent Modularization
java,com.fasterxml.jackson.databind.deser,DataFormatReaders,Deficient Encapsulation
java,com.fasterxml.jackson.databind.deser,DataFormatReaders,Cyclic-Dependent Modularization
java,com.fasterxml.jackson.databind.deser,DataFormatReaders,Insufficient Modularization
java,com.fasterxml.jackson.databind.deser,AccessorForReader,Cyclic-Dependent Modularization
java,com.fasterxml.jackson.databind.deser,Match,Cyclic-Dependent Modularization
java,com.fasterxml.jackson.databind.deser,ValueInstantiator,Cyclic-Dependent Modularization
java,com.fasterxml.jackson.databind.deser,ValueInstantiator,Insufficient Modularization
java,com.fasterxml.jackson.databind.deser,Gettable,Unutilized Abstraction
java,com.fasterxml.jackson.databind.deser,Base,Unutilized Abstraction
java,com.fasterxml.jackson.databind.deser,Delegating,Unutilized Abstraction
java,com.fasterxml.jackson.databind.deser,Delegating,Insufficient Modularization
java,com.fasterxml.jackson.databind.deser,BeanDeserializerFactory,Unutilized Abstraction
java,com.fasterxml.jackson.databind.deser,BeanDeserializerFactory,Deficient Encapsulation
java,com.fasterxml.jackson.databind.deser,BeanDeserializerFactory,Unexploited Encapsulation
java,com.fasterxml.jackson.databind.deser,BeanDeserializerFactory,Missing Hierarchy
java,com.fasterxml.jackson.databind.deser,BeanDeserializerFactory,Cyclic-Dependent Modularization
java,com.fasterxml.jackson.databind.deser,BeanDeserializerFactory,Insufficient Modularization
java,com.fasterxml.jackson.databind.deser,BasicDeserializerFactory,Unutilized Abstraction
java,com.fasterxml.jackson.databind.deser,BasicDeserializerFactory,Deficient Encapsulation
java,com.fasterxml.jackson.databind.deser,BasicDeserializerFactory,Insufficient Modularization
java,com.fasterxml.jackson.databind.deser,CreatorCollectionState,Deficient Encapsulation
java,com.fasterxml.jackson.databind.deser,DeserializationProblemHandler,Deficient Encapsulation
java,com.fasterxml.jackson.databind.deser,DeserializationProblemHandler,Cyclic-Dependent Modularization
java,com.fasterxml.jackson.databind.deser,BeanDeserializerBase,Multipath Hierarchy
java,com.fasterxml.jackson.databind.deser,BeanDeserializerBase,Cyclic-Dependent Modularization
java,com.fasterxml.jackson.databind.deser,BeanDeserializerBase,Insufficient Modularization
java,com.fasterxml.jackson.databind.deser,UnresolvedId,Cyclic-Dependent Modularization
java,com.fasterxml.jackson.databind.deser,ResolvableDeserializer,Unutilized Abstraction
java,com.fasterxml.jackson.databind.deser,ValueInstantiators,Cyclic-Dependent Modularization
java,com.fasterxml.jackson.databind.deser,Base,Unutilized Abstraction
java,com.fasterxml.jackson.databind.deser,DeserializerCache,Unexploited Encapsulation
java,com.fasterxml.jackson.databind.deser,DeserializerCache,Missing Hierarchy
java,com.fasterxml.jackson.databind.deser,DeserializerCache,Cyclic-Dependent Modularization
java,com.fasterxml.jackson.databind.deser,ContextualKeyDeserializer,Unutilized Abstraction
java,com.fasterxml.jackson.databind.deser,Deserializers,Cyclic-Dependent Modularization
java,com.fasterxml.jackson.databind.deser,Base,Unutilized Abstraction
java,com.fasterxml.jackson.databind.deser.impl,InnerClassProperty,Unutilized Abstraction
java,com.fasterxml.jackson.databind.deser.impl,PropertyBasedCreator,Cyclic-Dependent Modularization
java,com.fasterxml.jackson.databind.deser.impl,CaseInsensitiveMap,Cyclic-Dependent Modularization
java,com.fasterxml.jackson.databind.deser.impl,UnwrappedPropertyHandler,Cyclic-Dependent Modularization
java,com.fasterxml.jackson.databind.deser.impl,ObjectIdReferenceProperty,Deficient Encapsulation
java,com.fasterxml.jackson.databind.deser.impl,PropertyReferring,Unutilized Abstraction
java,com.fasterxml.jackson.databind.deser.impl,PropertyReferring,Deficient Encapsulation
java,com.fasterxml.jackson.databind.deser.impl,BeanPropertyMap,Cyclic-Dependent Modularization
java,com.fasterxml.jackson.databind.deser.impl,BeanPropertyMap,Insufficient Modularization
java,com.fasterxml.jackson.databind.deser.impl,ValueInjector,Unutilized Abstraction
java,com.fasterxml.jackson.databind.deser.impl,ValueInjector,Broken Hierarchy
java,com.fasterxml.jackson.databind.deser.impl,PropertyValueBuffer,Cyclic-Dependent Modularization
java,com.fasterxml.jackson.databind.deser.impl,TypeWrappedDeserializer,Unutilized Abstraction
java,com.fasterxml.jackson.databind.deser.impl,ExternalTypeHandler,Cyclic-Dependent Modularization
java,com.fasterxml.jackson.databind.deser.impl,Builder,Cyclic-Dependent Modularization
java,com.fasterxml.jackson.databind.deser.impl,ExtTypedProperty,Cyclic-Dependent Modularization
java,com.fasterxml.jackson.databind.deser.impl,JavaUtilCollectionsDeserializers,Deficient Encapsulation
java,com.fasterxml.jackson.databind.deser.impl,NullsFailProvider,Cyclic-Dependent Modularization
java,com.fasterxml.jackson.databind.deser.impl,BeanAsArrayDeserializer,Unutilized Abstraction
java,com.fasterxml.jackson.databind.deser.impl,CreatorCandidate,Deficient Encapsulation
java,com.fasterxml.jackson.databind.deser.impl,Param,Unutilized Abstraction
java,com.fasterxml.jackson.databind.deser.impl,Param,Deficient Encapsulation
java,com.fasterxml.jackson.databind.deser.impl,NullsAsEmptyProvider,Unutilized Abstraction
java,com.fasterxml.jackson.databind.deser.impl,ObjectIdValueProperty,Cyclic-Dependent Modularization
java,com.fasterxml.jackson.databind.deser.impl,FailingDeserializer,Unutilized Abstraction
java,com.fasterxml.jackson.databind.deser.impl,FailingDeserializer,Broken Hierarchy
java,com.fasterxml.jackson.databind.deser.impl,MergingSettableBeanProperty,Unutilized Abstraction
java,com.fasterxml.jackson.databind.deser.impl,MergingSettableBeanProperty,Cyclic-Dependent Modularization
java,com.fasterxml.jackson.databind.deser.impl,PropertyValue,Deficient Encapsulation
java,com.fasterxml.jackson.databind.deser.impl,PropertyValue,Cyclic-Dependent Modularization
java,com.fasterxml.jackson.databind.deser.impl,Regular,Unutilized Abstraction
java,com.fasterxml.jackson.databind.deser.impl,Any,Unutilized Abstraction
java,com.fasterxml.jackson.databind.deser.impl,Map,Cyclic-Dependent Modularization
java,com.fasterxml.jackson.databind.deser.impl,JDKValueInstantiators,Multifaceted Abstraction
java,com.fasterxml.jackson.databind.deser.impl,JDKValueInstantiators,Deficient Encapsulation
java,com.fasterxml.jackson.databind.deser.impl,JDKValueInstantiators,Cyclic-Dependent Modularization
java,com.fasterxml.jackson.databind.deser.impl,ArrayListInstantiator,Unutilized Abstraction
java,com.fasterxml.jackson.databind.deser.impl,ArrayListInstantiator,Deficient Encapsulation
java,com.fasterxml.jackson.databind.deser.impl,ArrayListInstantiator,Broken Hierarchy
java,com.fasterxml.jackson.databind.deser.impl,ArrayListInstantiator,Cyclic-Dependent Modularization
java,com.fasterxml.jackson.databind.deser.impl,HashMapInstantiator,Unutilized Abstraction
java,com.fasterxml.jackson.databind.deser.impl,HashMapInstantiator,Deficient Encapsulation
java,com.fasterxml.jackson.databind.deser.impl,HashMapInstantiator,Broken Hierarchy
java,com.fasterxml.jackson.databind.deser.impl,HashMapInstantiator,Cyclic-Dependent Modularization
java,com.fasterxml.jackson.databind.deser.impl,LinkedHashMapInstantiator,Unutilized Abstraction
java,com.fasterxml.jackson.databind.deser.impl,LinkedHashMapInstantiator,Deficient Encapsulation
java,com.fasterxml.jackson.databind.deser.impl,LinkedHashMapInstantiator,Broken Hierarchy
java,com.fasterxml.jackson.databind.deser.impl,LinkedHashMapInstantiator,Cyclic-Dependent Modularization
java,com.fasterxml.jackson.databind.deser.impl,ConstantValueInstantiator,Unutilized Abstraction
java,com.fasterxml.jackson.databind.deser.impl,ConstantValueInstantiator,Broken Hierarchy
java,com.fasterxml.jackson.databind.deser.impl,ObjectIdReader,Deficient Encapsulation
java,com.fasterxml.jackson.databind.deser.impl,ObjectIdReader,Cyclic-Dependent Modularization
java,com.fasterxml.jackson.databind.deser.impl,NullsConstantProvider,Cyclic-Dependent Modularization
java,com.fasterxml.jackson.databind.deser.impl,UnsupportedTypeDeserializer,Unutilized Abstraction
java,com.fasterxml.jackson.databind.deser.impl,UnsupportedTypeDeserializer,Broken Hierarchy
java,com.fasterxml.jackson.databind.deser.impl,ErrorThrowingDeserializer,Unutilized Abstraction
java,com.fasterxml.jackson.databind.deser.impl,ManagedReferenceProperty,Unutilized Abstraction
java,com.fasterxml.jackson.databind.deser.impl,PropertyBasedObjectIdGenerator,Unutilized Abstraction
java,com.fasterxml.jackson.databind.deser.impl,ReadableObjectId,Cyclic-Dependent Modularization
java,com.fasterxml.jackson.databind.deser.impl,Referring,Cyclic-Dependent Modularization
java,com.fasterxml.jackson.databind.deser.impl,BeanAsArrayBuilderDeserializer,Unutilized Abstraction
java,com.fasterxml.jackson.databind.deser.std,AtomicBooleanDeserializer,Unutilized Abstraction
java,com.fasterxml.jackson.databind.deser.std,ContainerDeserializerBase,Broken Hierarchy
java,com.fasterxml.jackson.databind.deser.std,ContainerDeserializerBase,Multipath Hierarchy
java,com.fasterxml.jackson.databind.deser.std,DelegatingDeserializer,Unutilized Abstraction
java,com.fasterxml.jackson.databind.deser.std,DelegatingDeserializer,Insufficient Modularization
java,com.fasterxml.jackson.databind.deser.std,CollectionDeserializer,Deficient Encapsulation
java,com.fasterxml.jackson.databind.deser.std,CollectionReferringAccumulator,Cyclic-Dependent Modularization
java,com.fasterxml.jackson.databind.deser.std,CollectionReferring,Deficient Encapsulation
java,com.fasterxml.jackson.databind.deser.std,CollectionReferring,Cyclic-Dependent Modularization
java,com.fasterxml.jackson.databind.deser.std,StdDeserializer,Wide Hierarchy
java,com.fasterxml.jackson.databind.deser.std,StdDeserializer,Cyclic-Dependent Modularization
java,com.fasterxml.jackson.databind.deser.std,StdDeserializer,Insufficient Modularization
java,com.fasterxml.jackson.databind.deser.std,StringCollectionDeserializer,Unutilized Abstraction
java,com.fasterxml.jackson.databind.deser.std,UntypedObjectDeserializerNR,Deficient Encapsulation
java,com.fasterxml.jackson.databind.deser.std,UntypedObjectDeserializerNR,Insufficient Modularization
java,com.fasterxml.jackson.databind.deser.std,TokenBufferDeserializer,Unutilized Abstraction
java,com.fasterxml.jackson.databind.deser.std,StringDeserializer,Deficient Encapsulation
java,com.fasterxml.jackson.databind.deser.std,NullifyingDeserializer,Deficient Encapsulation
java,com.fasterxml.jackson.databind.deser.std,ObjectDeserializer,Broken Hierarchy
java,com.fasterxml.jackson.databind.deser.std,ArrayDeserializer,Broken Hierarchy
java,com.fasterxml.jackson.databind.deser.std,BaseNodeDeserializer,Unexploited Encapsulation
java,com.fasterxml.jackson.databind.deser.std,BaseNodeDeserializer,Missing Hierarchy
java,com.fasterxml.jackson.databind.deser.std,BaseNodeDeserializer,Insufficient Modularization
java,com.fasterxml.jackson.databind.deser.std,ReferenceTypeDeserializer,Unutilized Abstraction
java,com.fasterxml.jackson.databind.deser.std,AtomicIntegerDeserializer,Unutilized Abstraction
java,com.fasterxml.jackson.databind.deser.std,ByteBufferDeserializer,Unutilized Abstraction
java,com.fasterxml.jackson.databind.deser.std,AtomicLongDeserializer,Unutilized Abstraction
java,com.fasterxml.jackson.databind.deser.std,StdScalarDeserializer,Wide Hierarchy
java,com.fasterxml.jackson.databind.deser.std,StdKeyDeserializer,Deficient Encapsulation
java,com.fasterxml.jackson.databind.deser.std,DelegatingKD,Unutilized Abstraction
java,com.fasterxml.jackson.databind.deser.std,EnumKD,Unutilized Abstraction
java,com.fasterxml.jackson.databind.deser.std,StringCtorKeyDeserializer,Unutilized Abstraction
java,com.fasterxml.jackson.databind.deser.std,StringFactoryKeyDeserializer,Unutilized Abstraction
java,com.fasterxml.jackson.databind.deser.std,AtomicReferenceDeserializer,Unutilized Abstraction
java,com.fasterxml.jackson.databind.deser.std,FactoryBasedEnumDeserializer,Unutilized Abstraction
java,com.fasterxml.jackson.databind.deser.std,StackTraceElementDeserializer,Deficient Encapsulation
java,com.fasterxml.jackson.databind.deser.std,Adapter,Deficient Encapsulation
java,com.fasterxml.jackson.databind.deser.std,Adapter,Broken Modularization
java,com.fasterxml.jackson.databind.deser.std,PrimitiveArrayDeserializers,Deficient Encapsulation
java,com.fasterxml.jackson.databind.deser.std,PrimitiveArrayDeserializers,Insufficient Modularization
java,com.fasterxml.jackson.databind.deser.std,IntDeser,Deficient Encapsulation
java,com.fasterxml.jackson.databind.deser.std,LongDeser,Deficient Encapsulation
java,com.fasterxml.jackson.databind.deser.std,NumberDeserializers,Deficient Encapsulation
java,com.fasterxml.jackson.databind.deser.std,NumberDeserializers,Insufficient Modularization
java,com.fasterxml.jackson.databind.deser.std,PrimitiveOrWrapperDeserializer,Unutilized Abstraction
java,com.fasterxml.jackson.databind.deser.std,BooleanDeserializer,Unutilized Abstraction
java,com.fasterxml.jackson.databind.deser.std,BooleanDeserializer,Broken Hierarchy
java,com.fasterxml.jackson.databind.deser.std,ByteDeserializer,Unutilized Abstraction
java,com.fasterxml.jackson.databind.deser.std,ByteDeserializer,Broken Hierarchy
java,com.fasterxml.jackson.databind.deser.std,ShortDeserializer,Unutilized Abstraction
java,com.fasterxml.jackson.databind.deser.std,ShortDeserializer,Broken Hierarchy
java,com.fasterxml.jackson.databind.deser.std,CharacterDeserializer,Unutilized Abstraction
java,com.fasterxml.jackson.databind.deser.std,CharacterDeserializer,Broken Hierarchy
java,com.fasterxml.jackson.databind.deser.std,IntegerDeserializer,Unutilized Abstraction
java,com.fasterxml.jackson.databind.deser.std,IntegerDeserializer,Broken Hierarchy
java,com.fasterxml.jackson.databind.deser.std,LongDeserializer,Unutilized Abstraction
java,com.fasterxml.jackson.databind.deser.std,LongDeserializer,Broken Hierarchy
java,com.fasterxml.jackson.databind.deser.std,FloatDeserializer,Unutilized Abstraction
java,com.fasterxml.jackson.databind.deser.std,FloatDeserializer,Broken Hierarchy
java,com.fasterxml.jackson.databind.deser.std,DoubleDeserializer,Unutilized Abstraction
java,com.fasterxml.jackson.databind.deser.std,DoubleDeserializer,Broken Hierarchy
java,com.fasterxml.jackson.databind.deser.std,NumberDeserializer,Deficient Encapsulation
java,com.fasterxml.jackson.databind.deser.std,BigIntegerDeserializer,Deficient Encapsulation
java,com.fasterxml.jackson.databind.deser.std,BigDecimalDeserializer,Deficient Encapsulation
java,com.fasterxml.jackson.databind.deser.std,StdDelegatingDeserializer,Insufficient Modularization
java,com.fasterxml.jackson.databind.deser.std,JsonLocationInstantiator,Unutilized Abstraction
java,com.fasterxml.jackson.databind.deser.std,JsonLocationInstantiator,Broken Hierarchy
java,com.fasterxml.jackson.databind.deser.std,StringArrayDeserializer,Deficient Encapsulation
java,com.fasterxml.jackson.databind.deser.std,MapDeserializer,Deficient Encapsulation
java,com.fasterxml.jackson.databind.deser.std,MapDeserializer,Insufficient Modularization
java,com.fasterxml.jackson.databind.deser.std,MapReferringAccumulator,Cyclic-Dependent Modularization
java,com.fasterxml.jackson.databind.deser.std,MapReferring,Deficient Encapsulation
java,com.fasterxml.jackson.databind.deser.std,MapReferring,Cyclic-Dependent Modularization
java,com.fasterxml.jackson.databind.deser.std,FromStringDeserializer,Deficient Encapsulation
java,com.fasterxml.jackson.databind.deser.std,FromStringDeserializer,Insufficient Modularization
java,com.fasterxml.jackson.databind.deser.std,Std,Deficient Encapsulation
java,com.fasterxml.jackson.databind.deser.std,StringBuilderDeserializer,Unutilized Abstraction
java,com.fasterxml.jackson.databind.deser.std,StringBufferDeserializer,Unutilized Abstraction
java,com.fasterxml.jackson.databind.deser.std,DateDeserializers,Deficient Encapsulation
java,com.fasterxml.jackson.databind.deser.std,DateDeserializers,Insufficient Modularization
java,com.fasterxml.jackson.databind.deser.std,CalendarDeserializer,Broken Hierarchy
java,com.fasterxml.jackson.databind.deser.std,DateDeserializer,Deficient Encapsulation
java,com.fasterxml.jackson.databind.deser.std,DateDeserializer,Broken Hierarchy
java,com.fasterxml.jackson.databind.deser.std,SqlDateDeserializer,Broken Hierarchy
java,com.fasterxml.jackson.databind.deser.std,TimestampDeserializer,Broken Hierarchy
java,com.fasterxml.jackson.databind.deser.std,ThrowableDeserializer,Cyclic-Dependent Modularization
java,com.fasterxml.jackson.databind.deser.std,StdValueInstantiator,Insufficient Modularization
java,com.fasterxml.jackson.databind.deser.std,UntypedObjectDeserializer,Deficient Encapsulation
java,com.fasterxml.jackson.databind.deser.std,UntypedObjectDeserializer,Insufficient Modularization
java,com.fasterxml.jackson.databind.deser.std,Vanilla,Deficient Encapsulation
java,com.fasterxml.jackson.databind.exc,ValueInstantiationException,Cyclic-Dependent Modularization
java,com.fasterxml.jackson.databind.exc,UnrecognizedPropertyException,Unutilized Abstraction
java,com.fasterxml.jackson.databind.exc,UnrecognizedPropertyException,Broken Hierarchy
java,com.fasterxml.jackson.databind.exc,MismatchedInputException,Cyclic-Dependent Modularization
java,com.fasterxml.jackson.databind.exc,InvalidTypeIdException,Cyclic-Dependent Modularization
java,com.fasterxml.jackson.databind.exc,InvalidDefinitionException,Cyclic-Dependent Modularization
java,com.fasterxml.jackson.databind.exc,PropertyBindingException,Unutilized Abstraction
java,com.fasterxml.jackson.databind.exc,PropertyBindingException,Broken Hierarchy
java,com.fasterxml.jackson.databind.exc,InvalidNullException,Cyclic-Dependent Modularization
java,com.fasterxml.jackson.databind.exc,IgnoredPropertyException,Unutilized Abstraction
java,com.fasterxml.jackson.databind.exc,IgnoredPropertyException,Broken Hierarchy
java,com.fasterxml.jackson.databind.jdk14,JDK14Util,Deficient Encapsulation
java,com.fasterxml.jackson.databind.jdk14,JDK14Util,Cyclic-Dependent Modularization
java,com.fasterxml.jackson.databind.jdk14,RecordAccessor,Cyclic-Dependent Modularization
java,com.fasterxml.jackson.databind.jdk14,RawTypeName,Unutilized Abstraction
java,com.fasterxml.jackson.databind.jdk14,RawTypeName,Deficient Encapsulation
java,com.fasterxml.jackson.databind.jdk14,CreatorLocator,Unutilized Abstraction
java,com.fasterxml.jackson.databind.annotation,NoClass,Unutilized Abstraction
java,com.fasterxml.jackson.databind.annotation,Value,Deficient Encapsulation
java,com.fasterxml.jackson.databind.json,Builder,Unutilized Abstraction
java,com.fasterxml.jackson.databind.ext,CoreXMLSerializers,Unutilized Abstraction
java,com.fasterxml.jackson.databind.ext,NioPathSerializer,Unutilized Abstraction
java,com.fasterxml.jackson.databind.ext,Java7SupportImpl,Unutilized Abstraction
java,com.fasterxml.jackson.databind.ext,Java7HandlersImpl,Unutilized Abstraction
java,com.fasterxml.jackson.databind.ext,SqlBlobSerializer,Unutilized Abstraction
java,com.fasterxml.jackson.databind.ext,OptionalHandlerFactory,Deficient Encapsulation
java,com.fasterxml.jackson.databind.ext,CoreXMLDeserializers,Unutilized Abstraction
java,com.fasterxml.jackson.databind.ext,CoreXMLDeserializers,Broken Hierarchy
java,com.fasterxml.jackson.databind.ext,Std,Unutilized Abstraction
java,com.fasterxml.jackson.databind.ext,NioPathDeserializer,Unutilized Abstraction
java,com.fasterxml.jackson.databind.ext,DOMDeserializer,Unutilized Abstraction
java,com.fasterxml.jackson.databind.ext,DOMDeserializer,Rebellious Hierarchy
java,com.fasterxml.jackson.databind.ext,NodeDeserializer,Unutilized Abstraction
java,com.fasterxml.jackson.databind.ext,DocumentDeserializer,Unutilized Abstraction
java,com.fasterxml.jackson.databind.jsonFormatVisitors,JsonFormatVisitorWithSerializerProvider,Unutilized Abstraction
java,com.fasterxml.jackson.databind.jsonFormatVisitors,Base,Unutilized Abstraction
java,com.fasterxml.jackson.databind.jsonFormatVisitors,JsonMapFormatVisitor,Unutilized Abstraction
java,com.fasterxml.jackson.databind.jsonFormatVisitors,JsonMapFormatVisitor,Cyclic-Dependent Modularization
java,com.fasterxml.jackson.databind.jsonFormatVisitors,Base,Unutilized Abstraction
java,com.fasterxml.jackson.databind.jsonFormatVisitors,JsonStringFormatVisitor,Unnecessary Abstraction
java,com.fasterxml.jackson.databind.jsonFormatVisitors,Base,Unnecessary Abstraction
java,com.fasterxml.jackson.databind.jsonFormatVisitors,Base,Unutilized Abstraction
java,com.fasterxml.jackson.databind.jsonFormatVisitors,Base,Cyclic Hierarchy
java,com.fasterxml.jackson.databind.jsonFormatVisitors,JsonFormatVisitable,Cyclic-Dependent Modularization
java,com.fasterxml.jackson.databind.jsonFormatVisitors,JsonObjectFormatVisitor,Unutilized Abstraction
java,com.fasterxml.jackson.databind.jsonFormatVisitors,JsonObjectFormatVisitor,Cyclic-Dependent Modularization
java,com.fasterxml.jackson.databind.jsonFormatVisitors,Base,Unutilized Abstraction
java,com.fasterxml.jackson.databind.jsonFormatVisitors,JsonIntegerFormatVisitor,Broken Hierarchy
java,com.fasterxml.jackson.databind.jsonFormatVisitors,Base,Unutilized Abstraction
java,com.fasterxml.jackson.databind.jsonFormatVisitors,Base,Broken Hierarchy
java,com.fasterxml.jackson.databind.jsonFormatVisitors,Base,Cyclic Hierarchy
java,com.fasterxml.jackson.databind.jsonFormatVisitors,JsonNullFormatVisitor,Unnecessary Abstraction
java,com.fasterxml.jackson.databind.jsonFormatVisitors,JsonNullFormatVisitor,Unutilized Abstraction
java,com.fasterxml.jackson.databind.jsonFormatVisitors,Base,Unnecessary Abstraction
java,com.fasterxml.jackson.databind.jsonFormatVisitors,Base,Unutilized Abstraction
java,com.fasterxml.jackson.databind.jsonFormatVisitors,JsonArrayFormatVisitor,Unutilized Abstraction
java,com.fasterxml.jackson.databind.jsonFormatVisitors,JsonArrayFormatVisitor,Cyclic-Dependent Modularization
java,com.fasterxml.jackson.databind.jsonFormatVisitors,Base,Unutilized Abstraction
java,com.fasterxml.jackson.databind.jsonFormatVisitors,JsonBooleanFormatVisitor,Unnecessary Abstraction
java,com.fasterxml.jackson.databind.jsonFormatVisitors,JsonBooleanFormatVisitor,Unutilized Abstraction
java,com.fasterxml.jackson.databind.jsonFormatVisitors,Base,Unnecessary Abstraction
java,com.fasterxml.jackson.databind.jsonFormatVisitors,Base,Unutilized Abstraction
java,com.fasterxml.jackson.databind.jsonFormatVisitors,Base,Cyclic Hierarchy
java,com.fasterxml.jackson.databind.jsonFormatVisitors,JsonFormatVisitorWrapper,Unutilized Abstraction
java,com.fasterxml.jackson.databind.jsonFormatVisitors,JsonFormatVisitorWrapper,Cyclic-Dependent Modularization
java,com.fasterxml.jackson.databind.jsonFormatVisitors,JsonFormatVisitorWrapper,Insufficient Modularization
java,com.fasterxml.jackson.databind.jsonFormatVisitors,Base,Unutilized Abstraction
java,com.fasterxml.jackson.databind.jsonFormatVisitors,JsonNumberFormatVisitor,Broken Hierarchy
java,com.fasterxml.jackson.databind.jsonFormatVisitors,Base,Unutilized Abstraction
java,com.fasterxml.jackson.databind.jsonFormatVisitors,Base,Broken Hierarchy
java,com.fasterxml.jackson.databind.jsonFormatVisitors,Base,Cyclic Hierarchy
java,com.fasterxml.jackson.databind.jsonFormatVisitors,JsonAnyFormatVisitor,Unnecessary Abstraction
java,com.fasterxml.jackson.databind.jsonFormatVisitors,JsonAnyFormatVisitor,Unutilized Abstraction
java,com.fasterxml.jackson.databind.jsonFormatVisitors,Base,Unnecessary Abstraction
java,com.fasterxml.jackson.databind.jsonFormatVisitors,Base,Unutilized Abstraction
java,com.fasterxml.jackson.databind.ser,SerializerFactory,Cyclic-Dependent Modularization
java,com.fasterxml.jackson.databind.ser,Serializers,Cyclic-Dependent Modularization
java,com.fasterxml.jackson.databind.ser,Base,Unutilized Abstraction
java,com.fasterxml.jackson.databind.ser,BeanPropertyFilter,Cyclic-Dependent Modularization
java,com.fasterxml.jackson.databind.ser,FilterProvider,Cyclic-Dependent Modularization
java,com.fasterxml.jackson.databind.ser,PropertyBuilder,Cyclic-Dependent Modularization
java,com.fasterxml.jackson.databind.ser,BeanSerializerBuilder,Cyclic-Dependent Modularization
java,com.fasterxml.jackson.databind.ser,BeanSerializer,Cyclic-Dependent Modularization
java,com.fasterxml.jackson.databind.ser,ResolvableSerializer,Unutilized Abstraction
java,com.fasterxml.jackson.databind.ser,BeanSerializerFactory,Unutilized Abstraction
java,com.fasterxml.jackson.databind.ser,BeanSerializerFactory,Deficient Encapsulation
java,com.fasterxml.jackson.databind.ser,BeanSerializerFactory,Cyclic-Dependent Modularization
java,com.fasterxml.jackson.databind.ser,BeanSerializerFactory,Insufficient Modularization
java,com.fasterxml.jackson.databind.ser,BeanPropertyWriter,Deficient Encapsulation
java,com.fasterxml.jackson.databind.ser,BeanPropertyWriter,Unexploited Encapsulation
java,com.fasterxml.jackson.databind.ser,BeanPropertyWriter,Missing Hierarchy
java,com.fasterxml.jackson.databind.ser,BeanPropertyWriter,Cyclic-Dependent Modularization
java,com.fasterxml.jackson.databind.ser,BeanPropertyWriter,Insufficient Modularization
java,com.fasterxml.jackson.databind.ser,ContainerSerializer,Broken Hierarchy
java,com.fasterxml.jackson.databind.ser,PropertyWriter,Broken Hierarchy
java,com.fasterxml.jackson.databind.ser,PropertyWriter,Rebellious Hierarchy
java,com.fasterxml.jackson.databind.ser,PropertyWriter,Cyclic-Dependent Modularization
java,com.fasterxml.jackson.databind.ser,AnyGetterWriter,Unexploited Encapsulation
java,com.fasterxml.jackson.databind.ser,AnyGetterWriter,Missing Hierarchy
java,com.fasterxml.jackson.databind.ser,AnyGetterWriter,Cyclic-Dependent Modularization
java,com.fasterxml.jackson.databind.ser,PropertyFilter,Cyclic-Dependent Modularization
java,com.fasterxml.jackson.databind.ser,BeanSerializerModifier,Cyclic-Dependent Modularization
java,com.fasterxml.jackson.databind.ser,ContextualSerializer,Unutilized Abstraction
java,com.fasterxml.jackson.databind.ser,ContextualSerializer,Wide Hierarchy
java,com.fasterxml.jackson.databind.ser,BasicSerializerFactory,Unutilized Abstraction
java,com.fasterxml.jackson.databind.ser,BasicSerializerFactory,Unexploited Encapsulation
java,com.fasterxml.jackson.databind.ser,BasicSerializerFactory,Missing Hierarchy
java,com.fasterxml.jackson.databind.ser,BasicSerializerFactory,Rebellious Hierarchy
java,com.fasterxml.jackson.databind.ser,BasicSerializerFactory,Insufficient Modularization
java,com.fasterxml.jackson.databind.ser,DefaultSerializerProvider,Missing Hierarchy
java,com.fasterxml.jackson.databind.ser,DefaultSerializerProvider,Cyclic-Dependent Modularization
java,com.fasterxml.jackson.databind.ser,DefaultSerializerProvider,Insufficient Modularization
java,com.fasterxml.jackson.databind.ser,Impl,Cyclic-Dependent Modularization
java,com.fasterxml.jackson.databind.ser,SerializerCache,Deficient Encapsulation
java,com.fasterxml.jackson.databind.ser,SerializerCache,Cyclic-Dependent Modularization
java,com.fasterxml.jackson.databind.ser.impl,StringArraySerializer,Deficient Encapsulation
java,com.fasterxml.jackson.databind.ser.impl,StringArraySerializer,Multipath Hierarchy
java,com.fasterxml.jackson.databind.ser.impl,ReadOnlyClassToSerializerMap,Deficient Encapsulation
java,com.fasterxml.jackson.databind.ser.impl,ReadOnlyClassToSerializerMap,Cyclic-Dependent Modularization
java,com.fasterxml.jackson.databind.ser.impl,Bucket,Deficient Encapsulation
java,com.fasterxml.jackson.databind.ser.impl,Bucket,Cyclic-Dependent Modularization
java,com.fasterxml.jackson.databind.ser.impl,ObjectIdWriter,Deficient Encapsulation
java,com.fasterxml.jackson.databind.ser.impl,ObjectIdWriter,Cyclic-Dependent Modularization
java,com.fasterxml.jackson.databind.ser.impl,IndexedStringListSerializer,Deficient Encapsulation
java,com.fasterxml.jackson.databind.ser.impl,SimpleFilterProvider,Unexploited Encapsulation
java,com.fasterxml.jackson.databind.ser.impl,SimpleFilterProvider,Missing Hierarchy
java,com.fasterxml.jackson.databind.ser.impl,UnsupportedTypeSerializer,Unutilized Abstraction
java,com.fasterxml.jackson.databind.ser.impl,WritableObjectId,Deficient Encapsulation
java,com.fasterxml.jackson.databind.ser.impl,WritableObjectId,Cyclic-Dependent Modularization
java,com.fasterxml.jackson.databind.ser.impl,UnknownSerializer,Unutilized Abstraction
java,com.fasterxml.jackson.databind.ser.impl,TypeWrappedSerializer,Unutilized Abstraction
java,com.fasterxml.jackson.databind.ser.impl,BeanAsArraySerializer,Unutilized Abstraction
java,com.fasterxml.jackson.databind.ser.impl,SimpleBeanPropertyFilter,Cyclic-Dependent Modularization
java,com.fasterxml.jackson.databind.ser.impl,SimpleBeanPropertyFilter,Insufficient Modularization
java,com.fasterxml.jackson.databind.ser.impl,FilterExceptFilter,Cyclic-Dependent Modularization
java,com.fasterxml.jackson.databind.ser.impl,SerializeExceptFilter,Cyclic-Dependent Modularization
java,com.fasterxml.jackson.databind.ser.impl,PropertySerializerMap,Deficient Encapsulation
java,com.fasterxml.jackson.databind.ser.impl,PropertySerializerMap,Cyclic-Dependent Modularization
java,com.fasterxml.jackson.databind.ser.impl,PropertySerializerMap,Insufficient Modularization
java,com.fasterxml.jackson.databind.ser.impl,SerializerAndMapResult,Deficient Encapsulation
java,com.fasterxml.jackson.databind.ser.impl,SerializerAndMapResult,Cyclic-Dependent Modularization
java,com.fasterxml.jackson.databind.ser.impl,TypeAndSerializer,Deficient Encapsulation
java,com.fasterxml.jackson.databind.ser.impl,TypeAndSerializer,Cyclic-Dependent Modularization
java,com.fasterxml.jackson.databind.ser.impl,Empty,Deficient Encapsulation
java,com.fasterxml.jackson.databind.ser.impl,Empty,Cyclic-Dependent Modularization
java,com.fasterxml.jackson.databind.ser.impl,Single,Unutilized Abstraction
java,com.fasterxml.jackson.databind.ser.impl,Multi,Unutilized Abstraction
java,com.fasterxml.jackson.databind.ser.impl,FailingSerializer,Unutilized Abstraction
java,com.fasterxml.jackson.databind.ser.impl,FilteredBeanPropertyWriter,Cyclic-Dependent Modularization
java,com.fasterxml.jackson.databind.ser.impl,SingleView,Unutilized Abstraction
java,com.fasterxml.jackson.databind.ser.impl,MultiView,Unutilized Abstraction
java,com.fasterxml.jackson.databind.ser.impl,StringCollectionSerializer,Deficient Encapsulation
java,com.fasterxml.jackson.databind.ser.impl,MapEntrySerializer,Deficient Encapsulation
java,com.fasterxml.jackson.databind.ser.std,ByteArraySerializer,Unutilized Abstraction
java,com.fasterxml.jackson.databind.ser.std,ByteBufferSerializer,Unutilized Abstraction
java,com.fasterxml.jackson.databind.ser.std,ToStringSerializer,Unutilized Abstraction
java,com.fasterxml.jackson.databind.ser.std,ToStringSerializer,Deficient Encapsulation
java,com.fasterxml.jackson.databind.ser.std,SqlDateSerializer,Unutilized Abstraction
java,com.fasterxml.jackson.databind.ser.std,BeanSerializerBase,Multipath Hierarchy
java,com.fasterxml.jackson.databind.ser.std,BeanSerializerBase,Cyclic-Dependent Modularization
java,com.fasterxml.jackson.databind.ser.std,BeanSerializerBase,Insufficient Modularization
java,com.fasterxml.jackson.databind.ser.std,BooleanSerializer,Unutilized Abstraction
java,com.fasterxml.jackson.databind.ser.std,AsNumber,Unutilized Abstraction
java,com.fasterxml.jackson.databind.ser.std,InetAddressSerializer,Unutilized Abstraction
java,com.fasterxml.jackson.databind.ser.std,Dynamic,Unutilized Abstraction
java,com.fasterxml.jackson.databind.ser.std,StringKeySerializer,Unutilized Abstraction
java,com.fasterxml.jackson.databind.ser.std,StdArraySerializers,Multifaceted Abstraction
java,com.fasterxml.jackson.databind.ser.std,StdArraySerializers,Insufficient Modularization
java,com.fasterxml.jackson.databind.ser.std,TypedPrimitiveArraySerializer,Broken Hierarchy
java,com.fasterxml.jackson.databind.ser.std,ShortArraySerializer,Broken Hierarchy
java,com.fasterxml.jackson.databind.ser.std,CharArraySerializer,Unutilized Abstraction
java,com.fasterxml.jackson.databind.ser.std,LongArraySerializer,Broken Hierarchy
java,com.fasterxml.jackson.databind.ser.std,FloatArraySerializer,Broken Hierarchy
java,com.fasterxml.jackson.databind.ser.std,InetSocketAddressSerializer,Unutilized Abstraction
java,com.fasterxml.jackson.databind.ser.std,StdSerializer,Multipath Hierarchy
java,com.fasterxml.jackson.databind.ser.std,StdSerializer,Rebellious Hierarchy
java,com.fasterxml.jackson.databind.ser.std,StdSerializer,Wide Hierarchy
java,com.fasterxml.jackson.databind.ser.std,StdSerializer,Cyclic-Dependent Modularization
java,com.fasterxml.jackson.databind.ser.std,StdSerializer,Insufficient Modularization
java,com.fasterxml.jackson.databind.ser.std,ToEmptyObjectSerializer,Unutilized Abstraction
java,com.fasterxml.jackson.databind.ser.std,ArraySerializerBase,Broken Hierarchy
java,com.fasterxml.jackson.databind.ser.std,StdKeySerializer,Unutilized Abstraction
java,com.fasterxml.jackson.databind.ser.std,ReferenceTypeSerializer,Deficient Encapsulation
java,com.fasterxml.jackson.databind.ser.std,TokenBufferSerializer,Unutilized Abstraction
java,com.fasterxml.jackson.databind.ser.std,NumberSerializers,Unutilized Abstraction
java,com.fasterxml.jackson.databind.ser.std,Base,Unutilized Abstraction
java,com.fasterxml.jackson.databind.ser.std,ShortSerializer,Unutilized Abstraction
java,com.fasterxml.jackson.databind.ser.std,ShortSerializer,Broken Hierarchy
java,com.fasterxml.jackson.databind.ser.std,IntegerSerializer,Unutilized Abstraction
java,com.fasterxml.jackson.databind.ser.std,IntegerSerializer,Broken Hierarchy
java,com.fasterxml.jackson.databind.ser.std,IntLikeSerializer,Unutilized Abstraction
java,com.fasterxml.jackson.databind.ser.std,IntLikeSerializer,Broken Hierarchy
java,com.fasterxml.jackson.databind.ser.std,LongSerializer,Unutilized Abstraction
java,com.fasterxml.jackson.databind.ser.std,LongSerializer,Broken Hierarchy
java,com.fasterxml.jackson.databind.ser.std,FloatSerializer,Unutilized Abstraction
java,com.fasterxml.jackson.databind.ser.std,FloatSerializer,Broken Hierarchy
java,com.fasterxml.jackson.databind.ser.std,DoubleSerializer,Unutilized Abstraction
java,com.fasterxml.jackson.databind.ser.std,DoubleSerializer,Broken Hierarchy
java,com.fasterxml.jackson.databind.ser.std,DateSerializer,Unutilized Abstraction
java,com.fasterxml.jackson.databind.ser.std,DateSerializer,Deficient Encapsulation
java,com.fasterxml.jackson.databind.ser.std,SqlTimeSerializer,Unutilized Abstraction
java,com.fasterxml.jackson.databind.ser.std,ToStringSerializerBase,Unutilized Abstraction
java,com.fasterxml.jackson.databind.ser.std,DateTimeSerializerBase,Unutilized Abstraction
java,com.fasterxml.jackson.databind.ser.std,DateTimeSerializerBase,Rebellious Hierarchy
java,com.fasterxml.jackson.databind.ser.std,StdJdkSerializers,Unutilized Abstraction
java,com.fasterxml.jackson.databind.ser.std,StringSerializer,Unutilized Abstraction
java,com.fasterxml.jackson.databind.ser.std,SerializableSerializer,Deficient Encapsulation
java,com.fasterxml.jackson.databind.ser.std,RawSerializer,Unutilized Abstraction
java,com.fasterxml.jackson.databind.ser.std,EnumSerializer,Cyclic-Dependent Modularization
java,com.fasterxml.jackson.databind.ser.std,MapSerializer,Deficient Encapsulation
java,com.fasterxml.jackson.databind.ser.std,MapSerializer,Cyclic-Dependent Modularization
java,com.fasterxml.jackson.databind.ser.std,MapSerializer,Insufficient Modularization
java,com.fasterxml.jackson.databind.ser.std,CalendarSerializer,Unutilized Abstraction
java,com.fasterxml.jackson.databind.ser.std,CalendarSerializer,Deficient Encapsulation
java,com.fasterxml.jackson.databind.ser.std,NonTypedScalarSerializerBase,Unutilized Abstraction
java,com.fasterxml.jackson.databind.ser.std,NumberSerializer,Deficient Encapsulation
java,com.fasterxml.jackson.databind.ser.std,BigDecimalAsStringSerializer,Unutilized Abstraction
java,com.fasterxml.jackson.databind.ser.std,MapProperty,Cyclic-Dependent Modularization
java,com.fasterxml.jackson.databind.ser.std,ObjectArraySerializer,Multipath Hierarchy
java,com.fasterxml.jackson.databind.ser.std,StdDelegatingSerializer,Unutilized Abstraction
java,com.fasterxml.jackson.databind.ser.std,StdDelegatingSerializer,Multipath Hierarchy
java,com.fasterxml.jackson.databind.ser.std,TimeZoneSerializer,Unutilized Abstraction
java,com.fasterxml.jackson.databind.ser.std,StdScalarSerializer,Wide Hierarchy
java,com.fasterxml.jackson.databind.ser.std,NullSerializer,Deficient Encapsulation
java,com.fasterxml.jackson.databind.ser.std,NullSerializer,Cyclic-Dependent Modularization
java,com.fasterxml.jackson.databind.ser.std,JsonValueSerializer,Multipath Hierarchy
java,com.fasterxml.jackson.databind.ser.std,JsonValueSerializer,Insufficient Modularization
java,com.fasterxml.jackson.databind.ser.std,TypeSerializerRerouter,Insufficient Modularization
java,com.fasterxml.jackson.databind.cfg,SerializerFactoryConfig,Cyclic-Dependent Modularization
java,com.fasterxml.jackson.databind.cfg,MapperConfig,Broken Hierarchy
java,com.fasterxml.jackson.databind.cfg,MapperConfig,Cyclic-Dependent Modularization
java,com.fasterxml.jackson.databind.cfg,MapperConfig,Insufficient Modularization
java,com.fasterxml.jackson.databind.cfg,MutableConfigOverride,Broken Hierarchy
java,com.fasterxml.jackson.databind.cfg,ConstructorDetector,Deficient Encapsulation
java,com.fasterxml.jackson.databind.cfg,ConstructorDetector,Cyclic-Dependent Modularization
java,com.fasterxml.jackson.databind.cfg,MapperConfigBase,Insufficient Modularization
java,com.fasterxml.jackson.databind.cfg,ConfigFeature,Unutilized Abstraction
java,com.fasterxml.jackson.databind.cfg,MapperBuilder,Insufficient Modularization
java,com.fasterxml.jackson.databind.cfg,DatatypeFeatures,Cyclic-Dependent Modularization
java,com.fasterxml.jackson.databind.cfg,DefaultHolder,Cyclic-Dependent Modularization
java,com.fasterxml.jackson.databind.cfg,BaseSettings,Cyclic-Dependent Modularization
java,com.fasterxml.jackson.databind.cfg,BaseSettings,Insufficient Modularization
java,com.fasterxml.jackson.databind.cfg,MutableCoercionConfig,Broken Hierarchy
java,com.fasterxml.jackson.databind.cfg,DeserializerFactoryConfig,Cyclic-Dependent Modularization
java,com.fasterxml.jackson.databind.cfg,ConfigOverrides,Cyclic-Dependent Modularization
java,com.fasterxml.jackson.databind.cfg,HandlerInstantiator,Cyclic-Dependent Modularization
java,com.fasterxml.jackson.databind.cfg,CoercionConfigs,Cyclic-Dependent Modularization
java,com.fasterxml.jackson.databind.jsontype,TypeSerializer,Cyclic-Dependent Modularization
java,com.fasterxml.jackson.databind.jsontype,TypeSerializer,Insufficient Modularization
java,com.fasterxml.jackson.databind.jsontype,DefaultBaseTypeLimitingValidator,Unutilized Abstraction
java,com.fasterxml.jackson.databind.jsontype,DefaultBaseTypeLimitingValidator,Deficient Encapsulation
java,com.fasterxml.jackson.databind.jsontype,UnsafeBaseTypes,Deficient Encapsulation
java,com.fasterxml.jackson.databind.jsontype,BasicPolymorphicTypeValidator,Unutilized Abstraction
java,com.fasterxml.jackson.databind.jsontype,BasicPolymorphicTypeValidator,Insufficient Modularization
java,com.fasterxml.jackson.databind.jsontype,Builder,Unutilized Abstraction
java,com.fasterxml.jackson.databind.jsontype,PolymorphicTypeValidator,Cyclic-Dependent Modularization
java,com.fasterxml.jackson.databind.jsontype,Base,Unutilized Abstraction
java,com.fasterxml.jackson.databind.jsontype,TypeResolverBuilder,Cyclic-Dependent Modularization
java,com.fasterxml.jackson.databind.jsontype,TypeIdResolver,Cyclic-Dependent Modularization
java,com.fasterxml.jackson.databind.jsontype,SubtypeResolver,Cyclic-Dependent Modularization
java,com.fasterxml.jackson.databind.jsontype,TypeDeserializer,Cyclic-Dependent Modularization
java,com.fasterxml.jackson.databind.jsontype.impl,AsExistingPropertyTypeSerializer,Unutilized Abstraction
java,com.fasterxml.jackson.databind.jsontype.impl,AsWrapperTypeSerializer,Unutilized Abstraction
java,com.fasterxml.jackson.databind.jsontype.impl,AsArrayTypeSerializer,Unutilized Abstraction
java,com.fasterxml.jackson.databind.jsontype.impl,TypeIdResolverBase,Unutilized Abstraction
java,com.fasterxml.jackson.databind.jsontype.impl,TypeSerializerBase,Unutilized Abstraction
java,com.fasterxml.jackson.databind.jsontype.impl,TypeSerializerBase,Rebellious Hierarchy
java,com.fasterxml.jackson.databind.jsontype.impl,AsDeductionTypeSerializer,Unutilized Abstraction
java,com.fasterxml.jackson.databind.jsontype.impl,AsPropertyTypeSerializer,Unutilized Abstraction
java,com.fasterxml.jackson.databind.jsontype.impl,ClassNameIdResolver,Unutilized Abstraction
java,com.fasterxml.jackson.databind.jsontype.impl,AsExternalTypeSerializer,Unutilized Abstraction
java,com.fasterxml.jackson.databind.jsontype.impl,TypeDeserializerBase,Rebellious Hierarchy
java,com.fasterxml.jackson.databind.jsontype.impl,SubTypeValidator,Cyclic-Dependent Modularization
java,com.fasterxml.jackson.databind.jsontype.impl,TypeNameIdResolver,Unutilized Abstraction
java,com.fasterxml.jackson.databind.jsontype.impl,LaissezFaireSubTypeValidator,Unutilized Abstraction
java,com.fasterxml.jackson.databind.jsontype.impl,LaissezFaireSubTypeValidator,Deficient Encapsulation
java,com.fasterxml.jackson.databind.jsontype.impl,LaissezFaireSubTypeValidator,Cyclic-Dependent Modularization
java,com.fasterxml.jackson.databind.util,PrimitiveArrayBuilder,Unutilized Abstraction
java,com.fasterxml.jackson.databind.util,JSONWrappedObject,Unutilized Abstraction
java,com.fasterxml.jackson.databind.util,ByteBufferBackedOutputStream,Unutilized Abstraction
java,com.fasterxml.jackson.databind.util,ISO8601DateFormat,Unutilized Abstraction
java,com.fasterxml.jackson.databind.util,ArrayBuilders,Multifaceted Abstraction
java,com.fasterxml.jackson.databind.util,ArrayBuilders,Cyclic-Dependent Modularization
java,com.fasterxml.jackson.databind.util,ArrayBuilders,Insufficient Modularization
java,com.fasterxml.jackson.databind.util,BooleanBuilder,Unutilized Abstraction
java,com.fasterxml.jackson.databind.util,ByteBuilder,Unutilized Abstraction
java,com.fasterxml.jackson.databind.util,ShortBuilder,Unutilized Abstraction
java,com.fasterxml.jackson.databind.util,IntBuilder,Unutilized Abstraction
java,com.fasterxml.jackson.databind.util,LongBuilder,Unutilized Abstraction
java,com.fasterxml.jackson.databind.util,FloatBuilder,Unutilized Abstraction
java,com.fasterxml.jackson.databind.util,DoubleBuilder,Unutilized Abstraction
java,com.fasterxml.jackson.databind.util,NativeImageUtil,Cyclic-Dependent Modularization
java,com.fasterxml.jackson.databind.util,ByteBufferBackedInputStream,Unutilized Abstraction
java,com.fasterxml.jackson.databind.util,JSONPObject,Unutilized Abstraction
java,com.fasterxml.jackson.databind.util,StdDateFormat,Deficient Encapsulation
java,com.fasterxml.jackson.databind.util,StdDateFormat,Insufficient Modularization
java,com.fasterxml.jackson.databind.util,Converter,Cyclic-Dependent Modularization
java,com.fasterxml.jackson.databind.util,None,Unnecessary Abstraction
java,com.fasterxml.jackson.databind.util,None,Unutilized Abstraction
java,com.fasterxml.jackson.databind.util,EnumValues,Cyclic-Dependent Modularization
java,com.fasterxml.jackson.databind.util,NameTransformer,Deficient Encapsulation
java,com.fasterxml.jackson.databind.util,NopTransformer,Unutilized Abstraction
java,com.fasterxml.jackson.databind.util,Chained,Unutilized Abstraction
java,com.fasterxml.jackson.databind.util,RawValue,Cyclic-Dependent Modularization
java,com.fasterxml.jackson.databind.util,TypeKey,Cyclic-Dependent Modularization
java,com.fasterxml.jackson.databind.util,ArrayIterator,Unutilized Abstraction
java,com.fasterxml.jackson.databind.util,TokenBuffer,Deficient Encapsulation
java,com.fasterxml.jackson.databind.util,TokenBuffer,Unexploited Encapsulation
java,com.fasterxml.jackson.databind.util,TokenBuffer,Missing Hierarchy
java,com.fasterxml.jackson.databind.util,TokenBuffer,Cyclic-Dependent Modularization
java,com.fasterxml.jackson.databind.util,TokenBuffer,Insufficient Modularization
java,com.fasterxml.jackson.databind.util,Parser,Cyclic-Dependent Modularization
java,com.fasterxml.jackson.databind.util,Parser,Insufficient Modularization
java,com.fasterxml.jackson.databind.util,Segment,Deficient Encapsulation
java,com.fasterxml.jackson.databind.util,StdConverter,Unutilized Abstraction
java,com.fasterxml.jackson.databind.util,StdConverter,Rebellious Hierarchy
java,com.fasterxml.jackson.databind.util,RootNameLookup,Cyclic-Dependent Modularization
java,com.fasterxml.jackson.databind.util,ClassUtil,Deficient Encapsulation
java,com.fasterxml.jackson.databind.util,ClassUtil,Cyclic-Dependent Modularization
java,com.fasterxml.jackson.databind.util,ClassUtil,Insufficient Modularization
java,com.fasterxml.jackson.databind.util,Ctor,Deficient Encapsulation
java,com.fasterxml.jackson.databind.util,SimpleBeanPropertyDefinition,Cyclic-Dependent Modularization
java,com.fasterxml.jackson.databind.util,SimpleBeanPropertyDefinition,Insufficient Modularization
java,com.fasterxml.jackson.databind.util,BeanUtil,Cyclic-Dependent Modularization
java,com.fasterxml.jackson.databind.util,Single,Unutilized Abstraction
java,com.fasterxml.jackson.databind.util,Multi,Unutilized Abstraction
java,com.fasterxml.jackson.databind.util.internal,LinkedDeque,Insufficient Modularization
java,com.fasterxml.jackson.databind.util.internal,AbstractLinkedIterator,Unutilized Abstraction
java,com.fasterxml.jackson.databind.util.internal,Linked,Unutilized Abstraction
java,com.fasterxml.jackson.databind.util.internal,PrivateMaxEntriesMap,Cyclic-Dependent Modularization
java,com.fasterxml.jackson.databind.util.internal,PrivateMaxEntriesMap,Insufficient Modularization
java,com.fasterxml.jackson.databind.util.internal,AddTask,Unutilized Abstraction
java,com.fasterxml.jackson.databind.util.internal,RemovalTask,Unutilized Abstraction
java,com.fasterxml.jackson.databind.util.internal,UpdateTask,Unutilized Abstraction
java,com.fasterxml.jackson.databind.util.internal,Node,Unutilized Abstraction
java,com.fasterxml.jackson.databind.util.internal,KeySet,Unutilized Abstraction
java,com.fasterxml.jackson.databind.util.internal,KeyIterator,Unutilized Abstraction
java,com.fasterxml.jackson.databind.util.internal,Values,Unutilized Abstraction
java,com.fasterxml.jackson.databind.util.internal,ValueIterator,Unutilized Abstraction
java,com.fasterxml.jackson.databind.util.internal,EntrySet,Unutilized Abstraction
java,com.fasterxml.jackson.databind.util.internal,EntryIterator,Unutilized Abstraction
java,com.fasterxml.jackson.databind.util.internal,WriteThroughEntry,Unutilized Abstraction
java,com.fasterxml.jackson.databind.util.internal,SerializationProxy,Unutilized Abstraction
java,com.fasterxml.jackson.databind.util.internal,Builder,Cyclic-Dependent Modularization
java,com.fasterxml.jackson.databind.type,ArrayType,Cyclic-Dependent Modularization
java,com.fasterxml.jackson.databind.type,ArrayType,Insufficient Modularization
java,com.fasterxml.jackson.databind.type,ResolvedRecursiveType,Unutilized Abstraction
java,com.fasterxml.jackson.databind.type,ResolvedRecursiveType,Broken Hierarchy
java,com.fasterxml.jackson.databind.type,ResolvedRecursiveType,Cyclic-Dependent Modularization
java,com.fasterxml.jackson.databind.type,SimpleType,Cyclic-Dependent Modularization
java,com.fasterxml.jackson.databind.type,TypeModifier,Cyclic-Dependent Modularization
java,com.fasterxml.jackson.databind.type,TypeBase,Rebellious Hierarchy
java,com.fasterxml.jackson.databind.type,TypeBase,Cyclic-Dependent Modularization
java,com.fasterxml.jackson.databind.type,TypeFactory,Cyclic-Dependent Modularization
java,com.fasterxml.jackson.databind.type,TypeFactory,Insufficient Modularization
java,com.fasterxml.jackson.databind.type,MapType,Cyclic-Dependent Modularization
java,com.fasterxml.jackson.databind.type,MapLikeType,Cyclic-Dependent Modularization
java,com.fasterxml.jackson.databind.type,MapLikeType,Insufficient Modularization
java,com.fasterxml.jackson.databind.type,ClassStack,Cyclic-Dependent Modularization
java,com.fasterxml.jackson.databind.type,PlaceholderForType,Unutilized Abstraction
java,com.fasterxml.jackson.databind.type,PlaceholderForType,Broken Hierarchy
java,com.fasterxml.jackson.databind.type,CollectionLikeType,Cyclic-Dependent Modularization
java,com.fasterxml.jackson.databind.type,CollectionLikeType,Insufficient Modularization
java,com.fasterxml.jackson.databind.type,CollectionType,Cyclic-Dependent Modularization
java,com.fasterxml.jackson.databind.type,ReferenceType,Cyclic-Dependent Modularization
java,com.fasterxml.jackson.databind.type,ReferenceType,Insufficient Modularization
java,com.fasterxml.jackson.databind.type,TypeParser,Cyclic-Dependent Modularization
java,com.fasterxml.jackson.databind.type,IdentityEqualityType,Unutilized Abstraction
java,com.fasterxml.jackson.databind.type,IdentityEqualityType,Broken Hierarchy
java,com.fasterxml.jackson.databind.type,TypeBindings,Cyclic-Dependent Modularization
java,com.fasterxml.jackson.databind.type,TypeBindings,Insufficient Modularization
java,com.fasterxml.jackson.databind.jsonschema,SchemaAware,Unutilized Abstraction
java,com.fasterxml.jackson.databind.jsonschema,JsonSchema,Cyclic-Dependent Modularization
