Project Name,Package Name,Type Name,NOF,NOPF,NOM,NOPM,LOC,WMC,NC,DIT,LCOM,FANIN,FANOUT
java,com.fasterxml.jackson.databind,DatabindContext,1,0,32,22,284,59,2,0,0.5,6,9
java,com.fasterxml.jackson.databind,BeanProperty,8,2,49,49,239,55,3,1,-1.0,99,11
java,com.fasterxml.jackson.databind,Std,6,0,19,19,108,25,1,2,0.3684210526315789,5,10
java,com.fasterxml.jackson.databind,Bogus,0,0,15,15,50,15,0,2,-1.0,0,7
java,com.fasterxml.jackson.databind,ObjectWriter,19,6,115,97,969,149,0,0,0.017391304347826087,6,17
java,com.fasterxml.jackson.databind,GeneratorSettings,6,5,8,7,95,21,0,0,0.0,2,1
java,com.fasterxml.jackson.databind,Prefetch,5,1,6,5,84,15,0,0,0.0,3,6
java,com.fasterxml.jackson.databind,RuntimeJsonMappingException,0,0,3,3,14,3,0,0,-1.0,0,1
java,com.fasterxml.jackson.databind,PropertyNamingStrategies,23,14,13,12,221,27,0,0,1.0,8,13
java,com.fasterxml.jackson.databind,NamingBase,1,0,6,5,48,11,6,1,0.3333333333333333,0,4
java,com.fasterxml.jackson.databind,SnakeCaseStrategy,2,1,1,1,36,6,2,2,0.0,2,2
java,com.fasterxml.jackson.databind,UpperSnakeCaseStrategy,2,1,1,1,18,2,0,3,0.0,2,2
java,com.fasterxml.jackson.databind,LowerCamelCaseStrategy,2,1,1,1,13,1,0,2,0.0,2,2
java,com.fasterxml.jackson.databind,UpperCamelCaseStrategy,2,1,1,1,28,3,1,2,0.0,2,2
java,com.fasterxml.jackson.databind,LowerCaseStrategy,2,1,1,1,16,2,0,2,0.0,2,2
java,com.fasterxml.jackson.databind,KebabCaseStrategy,2,1,1,1,13,1,0,2,0.0,2,2
java,com.fasterxml.jackson.databind,LowerDotCaseStrategy,2,1,1,1,13,1,0,2,0.0,2,2
java,com.fasterxml.jackson.databind,JsonNode,0,0,95,91,662,106,1,2,-1.0,24,4
java,com.fasterxml.jackson.databind,MappingJsonFactory,1,0,7,7,46,10,0,0,1.0,1,2
java,com.fasterxml.jackson.databind,InjectableValues,2,0,6,6,45,8,1,0,0.5,6,3
java,com.fasterxml.jackson.databind,Std,2,0,5,5,32,7,0,1,0.4,0,3
java,com.fasterxml.jackson.databind,DeserializationConfig,11,0,61,43,652,96,0,3,0.22950819672131148,75,19
java,com.fasterxml.jackson.databind,JsonMappingException,9,0,47,38,360,68,4,1,0.3829787234042553,21,5
java,com.fasterxml.jackson.databind,Reference,5,0,13,8,105,20,0,0,0.15384615384615385,1,0
java,com.fasterxml.jackson.databind,SerializationConfig,10,0,52,36,545,83,0,3,0.23076923076923078,31,12
java,com.fasterxml.jackson.databind,JsonSerializable,0,0,3,3,25,3,5,0,-1.0,6,2
java,com.fasterxml.jackson.databind,Base,0,0,1,1,12,1,2,1,-1.0,0,1
java,com.fasterxml.jackson.databind,AnnotationIntrospector,2,0,96,93,773,103,3,0,0.8958333333333334,55,12
java,com.fasterxml.jackson.databind,ReferenceProperty,2,0,7,7,36,7,0,0,0.42857142857142855,7,0
java,com.fasterxml.jackson.databind,XmlExtensions,0,0,4,4,34,4,0,0,-1.0,0,2
java,com.fasterxml.jackson.databind,KeyDeserializer,0,0,1,1,14,1,3,0,-1.0,20,1
java,com.fasterxml.jackson.databind,None,0,0,0,0,5,0,0,1,-1.0,0,0
java,com.fasterxml.jackson.databind,ObjectReader,14,0,161,124,1443,238,0,0,0.055900621118012424,6,18
java,com.fasterxml.jackson.databind,PropertyMetadata,13,5,24,21,196,35,0,0,0.08333333333333333,22,3
java,com.fasterxml.jackson.databind,MergeInfo,2,2,4,3,24,4,0,0,0.0,3,1
java,com.fasterxml.jackson.databind,BeanDescription,1,0,40,39,192,42,1,0,0.85,52,2
java,com.fasterxml.jackson.databind,JsonDeserializer,0,0,22,21,159,22,5,1,-1.0,55,5
java,com.fasterxml.jackson.databind,None,0,0,1,0,7,1,0,2,-1.0,0,0
java,com.fasterxml.jackson.databind,JavaType,6,0,59,56,347,63,1,0,0.4915254237288136,239,4
java,com.fasterxml.jackson.databind,AbstractTypeResolver,0,0,3,3,34,3,1,0,-1.0,6,3
java,com.fasterxml.jackson.databind,Module,0,0,33,33,149,33,1,0,-1.0,2,14
java,com.fasterxml.jackson.databind,SetupContext,0,0,28,28,118,28,0,0,-1.0,2,13
java,com.fasterxml.jackson.databind,DatabindException,1,0,6,2,27,6,1,0,1.0,2,0
java,com.fasterxml.jackson.databind,EnumNamingStrategy,0,0,1,1,13,1,1,0,-1.0,5,0
java,com.fasterxml.jackson.databind,PropertyNamingStrategy,9,8,15,14,215,28,2,0,1.0,11,6
java,com.fasterxml.jackson.databind,PropertyNamingStrategyBase,0,0,6,5,50,12,5,1,-1.0,3,4
java,com.fasterxml.jackson.databind,SnakeCaseStrategy,0,0,1,1,31,6,0,2,-1.0,0,0
java,com.fasterxml.jackson.databind,UpperCamelCaseStrategy,0,0,1,1,23,3,0,2,-1.0,0,0
java,com.fasterxml.jackson.databind,LowerCaseStrategy,0,0,1,1,8,1,0,2,-1.0,0,0
java,com.fasterxml.jackson.databind,KebabCaseStrategy,0,0,1,1,8,1,0,2,-1.0,0,1
java,com.fasterxml.jackson.databind,LowerDotCaseStrategy,0,0,1,1,8,1,0,2,-1.0,0,1
java,com.fasterxml.jackson.databind,LowerCaseWithUnderscoresStrategy,0,0,0,0,5,0,0,3,-1.0,0,0
java,com.fasterxml.jackson.databind,PascalCaseStrategy,0,0,0,0,5,0,0,3,-1.0,0,0
java,com.fasterxml.jackson.databind,DeserializationContext,14,0,118,107,1214,203,1,1,0.11016949152542373,159,34
java,com.fasterxml.jackson.databind,MappingIterator,13,0,18,13,270,46,0,0,0.2222222222222222,1,5
java,com.fasterxml.jackson.databind,SequenceWriter,11,0,14,10,212,40,0,0,0.14285714285714285,0,9
java,com.fasterxml.jackson.databind,SerializerProvider,15,1,77,66,846,156,1,1,0.11688311688311688,151,19
java,com.fasterxml.jackson.databind,ObjectMapper,20,0,305,277,2576,389,1,0,0.07540983606557378,5,59
java,com.fasterxml.jackson.databind,DefaultTypeResolverBuilder,3,0,10,8,93,22,0,2,0.4,2,8
java,com.fasterxml.jackson.databind,JsonSerializer,0,0,13,13,106,14,3,1,-1.0,54,7
java,com.fasterxml.jackson.databind,None,0,0,0,0,5,0,0,2,-1.0,0,0
java,com.fasterxml.jackson.databind,EnumNamingStrategies,1,1,7,1,80,16,0,0,1.0,0,1
java,com.fasterxml.jackson.databind,CamelCaseStrategy,1,1,6,1,72,15,0,1,0.0,2,1
java,com.fasterxml.jackson.databind,PropertyName,8,2,18,17,169,41,0,0,0.1111111111111111,49,3
java,com.fasterxml.jackson.databind.node,TreeTraversingParser,3,0,35,32,224,66,0,0,0.2571428571428571,1,3
java,com.fasterxml.jackson.databind.node,ContainerNode,2,0,34,31,114,34,2,4,0.23529411764705882,2,2
java,com.fasterxml.jackson.databind.node,DoubleNode,1,0,22,22,79,25,0,6,0.2727272727272727,1,1
java,com.fasterxml.jackson.databind.node,NodeSerialization,3,1,7,5,62,11,0,0,0.42857142857142855,1,1
java,com.fasterxml.jackson.databind.node,DecimalNode,6,1,21,21,79,24,0,6,0.2857142857142857,2,2
java,com.fasterxml.jackson.databind.node,IntNode,4,0,21,21,88,25,0,6,0.38095238095238093,1,1
java,com.fasterxml.jackson.databind.node,JsonNodeFactory,4,1,31,29,210,34,0,1,0.7096774193548387,16,14
java,com.fasterxml.jackson.databind.node,BaseJsonNode,1,0,24,14,129,37,2,3,0.875,3,9
java,com.fasterxml.jackson.databind.node,ShortNode,1,0,21,21,74,24,0,6,0.38095238095238093,1,1
java,com.fasterxml.jackson.databind.node,POJONode,2,0,15,14,92,26,0,5,0.2,1,2
java,com.fasterxml.jackson.databind.node,NumericNode,1,0,19,18,46,19,7,5,0.6842105263157895,1,0
java,com.fasterxml.jackson.databind.node,MissingNode,2,0,17,15,60,17,0,5,0.9411764705882353,7,3
java,com.fasterxml.jackson.databind.node,BinaryNode,3,0,11,11,70,19,0,5,0.36363636363636365,2,2
java,com.fasterxml.jackson.databind.node,InternalNodeMapper,9,0,13,10,144,26,0,0,0.5384615384615384,3,10
java,com.fasterxml.jackson.databind.node,WrapperForSerializer,2,0,5,3,79,15,0,2,0.0,0,6
java,com.fasterxml.jackson.databind.node,IteratorStack,3,0,3,3,30,6,0,0,0.6666666666666666,2,0
java,com.fasterxml.jackson.databind.node,JsonNodeCreator,0,0,24,24,38,24,2,0,-1.0,0,1
java,com.fasterxml.jackson.databind.node,NullNode,2,1,11,9,42,11,0,5,0.9090909090909091,2,2
java,com.fasterxml.jackson.databind.node,NodeCursor,10,0,27,27,151,34,3,0,0.4074074074074074,5,2
java,com.fasterxml.jackson.databind.node,RootCursor,2,0,6,6,31,7,0,1,0.3333333333333333,0,2
java,com.fasterxml.jackson.databind.node,ArrayCursor,2,0,5,5,26,6,0,1,0.0,0,2
java,com.fasterxml.jackson.databind.node,ObjectCursor,3,0,5,5,35,7,0,1,0.0,0,2
java,com.fasterxml.jackson.databind.node,TextNode,3,0,17,16,102,26,0,5,0.29411764705882354,2,3
java,com.fasterxml.jackson.databind.node,ValueNode,1,0,19,17,65,19,7,4,0.9473684210526315,0,3
java,com.fasterxml.jackson.databind.node,ArrayNode,2,0,106,96,816,154,0,5,0.07547169811320754,7,8
java,com.fasterxml.jackson.databind.node,FloatNode,1,0,22,22,79,25,0,6,0.2727272727272727,1,1
java,com.fasterxml.jackson.databind.node,LongNode,1,0,21,21,74,24,0,6,0.3333333333333333,1,1
java,com.fasterxml.jackson.databind.node,BigIntegerNode,5,0,21,21,78,24,0,6,0.2857142857142857,1,1
java,com.fasterxml.jackson.databind.node,ObjectNode,2,0,74,66,645,130,0,5,0.10810810810810811,25,9
java,com.fasterxml.jackson.databind.node,BooleanNode,4,2,17,15,68,20,0,5,0.11764705882352941,2,2
java,com.fasterxml.jackson.databind.introspect,AnnotatedFieldCollector,6,3,8,3,97,23,0,1,0.0,1,8
java,com.fasterxml.jackson.databind.introspect,FieldBuilder,3,3,2,2,13,2,0,0,0.0,1,2
java,com.fasterxml.jackson.databind.introspect,BasicClassIntrospector,9,0,20,9,186,43,0,1,0.2,0,12
java,com.fasterxml.jackson.databind.introspect,ClassIntrospector,0,0,11,10,55,11,1,0,-1.0,7,6
java,com.fasterxml.jackson.databind.introspect,MixInResolver,0,0,2,2,14,2,2,0,-1.0,8,0
java,com.fasterxml.jackson.databind.introspect,AnnotatedMethodCollector,5,3,8,3,135,33,0,1,0.0,2,11
java,com.fasterxml.jackson.databind.introspect,MethodBuilder,3,3,2,2,16,3,0,0,0.0,1,2
java,com.fasterxml.jackson.databind.introspect,VisibilityChecker,8,0,47,45,255,69,1,0,-1.0,10,4
java,com.fasterxml.jackson.databind.introspect,Std,8,0,28,26,188,50,0,1,0.07142857142857142,4,4
java,com.fasterxml.jackson.databind.introspect,AnnotatedParameter,4,0,17,17,97,20,0,2,0.17647058823529413,17,6
java,com.fasterxml.jackson.databind.introspect,CollectorBase,3,0,9,0,92,26,3,0,0.2222222222222222,2,4
java,com.fasterxml.jackson.databind.introspect,VirtualAnnotatedMember,4,0,15,15,66,17,0,2,0.4666666666666667,1,5
java,com.fasterxml.jackson.databind.introspect,MemberKey,3,0,8,8,55,15,0,0,0.375,3,1
java,com.fasterxml.jackson.databind.introspect,SimpleMixInResolver,3,0,10,9,83,17,0,1,0.0,4,2
java,com.fasterxml.jackson.databind.introspect,BasicBeanDescription,9,0,49,41,540,138,0,1,0.12244897959183673,2,18
java,com.fasterxml.jackson.databind.introspect,ObjectIdInfo,6,0,11,9,57,13,0,0,0.36363636363636365,16,3
java,com.fasterxml.jackson.databind.introspect,NopAnnotationIntrospector,3,1,2,2,19,2,0,1,1.0,3,1
java,com.fasterxml.jackson.databind.introspect,AnnotationMap,1,0,13,11,100,26,0,1,0.23076923076923078,12,1
java,com.fasterxml.jackson.databind.introspect,Annotated,0,0,14,12,40,14,2,0,-1.0,18,0
java,com.fasterxml.jackson.databind.introspect,AnnotatedConstructor,6,0,25,22,133,32,0,3,0.0,11,5
java,com.fasterxml.jackson.databind.introspect,Serialization,3,0,1,1,12,1,0,0,0.0,3,0
java,com.fasterxml.jackson.databind.introspect,AnnotatedClass,18,3,36,30,279,47,0,1,0.1111111111111111,29,17
java,com.fasterxml.jackson.databind.introspect,Creators,3,3,1,1,19,1,0,0,0.0,1,1
java,com.fasterxml.jackson.databind.introspect,AnnotatedWithParams,2,0,14,11,75,17,2,2,0.5714285714285714,10,3
java,com.fasterxml.jackson.databind.introspect,AnnotatedMethodMap,1,0,6,6,35,9,0,0,0.3333333333333333,1,0
java,com.fasterxml.jackson.databind.introspect,EnumNamingStrategyFactory,0,0,2,1,35,7,0,0,-1.0,2,2
java,com.fasterxml.jackson.databind.introspect,ConcreteBeanPropertyBase,3,0,9,7,93,22,2,2,0.6666666666666666,1,5
java,com.fasterxml.jackson.databind.introspect,WithMember,0,0,1,1,3,1,0,0,-1.0,1,1
java,com.fasterxml.jackson.databind.introspect,AnnotatedCreatorCollector,3,0,13,1,262,69,0,1,0.15384615384615385,2,14
java,com.fasterxml.jackson.databind.introspect,AnnotatedField,6,0,20,17,122,24,0,2,0.15,20,5
java,com.fasterxml.jackson.databind.introspect,Serialization,3,0,1,1,12,1,0,0,0.0,0,0
java,com.fasterxml.jackson.databind.introspect,JacksonAnnotationIntrospector,6,0,95,77,1011,251,0,1,0.7052631578947368,0,31
java,com.fasterxml.jackson.databind.introspect,BeanPropertyDefinition,1,0,34,34,162,38,2,1,0.6470588235294118,20,5
java,com.fasterxml.jackson.databind.introspect,AnnotatedClassResolver,13,0,18,4,210,53,0,0,0.1111111111111111,5,9
java,com.fasterxml.jackson.databind.introspect,POJOPropertiesCollector,23,0,49,18,990,234,0,0,0.0,3,19
java,com.fasterxml.jackson.databind.introspect,DefaultAccessorNamingStrategy,17,0,29,19,293,57,1,1,0.3448275862068966,5,13
java,com.fasterxml.jackson.databind.introspect,BaseNameValidator,0,0,1,1,7,1,1,0,-1.0,2,0
java,com.fasterxml.jackson.databind.introspect,Provider,6,0,13,10,88,13,1,4909,0.3076923076923077,6,9
java,com.fasterxml.jackson.databind.introspect,FirstCharBasedValidator,2,0,3,2,29,5,0,1,0.6666666666666666,2,0
java,com.fasterxml.jackson.databind.introspect,RecordNaming,1,0,2,2,20,3,0,2,0.0,0,4
java,com.fasterxml.jackson.databind.introspect,TypeResolutionContext,3,0,5,5,31,5,3,0,-1.0,13,2
java,com.fasterxml.jackson.databind.introspect,Basic,2,0,2,2,11,2,0,1,0.0,0,2
java,com.fasterxml.jackson.databind.introspect,Empty,1,0,2,2,13,2,0,1,0.0,0,1
java,com.fasterxml.jackson.databind.introspect,AccessorNamingStrategy,2,0,11,11,80,11,2,0,1.0,9,5
java,com.fasterxml.jackson.databind.introspect,Base,1,0,4,4,18,4,0,1,1.0,0,2
java,com.fasterxml.jackson.databind.introspect,Provider,1,0,3,3,28,3,0,0,1.0,0,3
java,com.fasterxml.jackson.databind.introspect,AnnotatedAndMetadata,2,2,2,2,15,2,0,0,1.0,2,0
java,com.fasterxml.jackson.databind.introspect,AnnotationIntrospectorPair,3,0,84,82,503,136,0,1,0.023809523809523808,1,19
java,com.fasterxml.jackson.databind.introspect,AnnotationCollector,15,1,39,36,189,49,3,0,0.5128205128205128,8,3
java,com.fasterxml.jackson.databind.introspect,EmptyCollector,1,1,5,4,18,5,0,1,1.0,2,1
java,com.fasterxml.jackson.databind.introspect,OneCollector,2,0,5,5,26,6,0,1,0.0,0,1
java,com.fasterxml.jackson.databind.introspect,NCollector,1,0,5,5,31,7,0,1,0.0,0,1
java,com.fasterxml.jackson.databind.introspect,NoAnnotations,1,0,5,4,21,5,0,1,1.0,0,0
java,com.fasterxml.jackson.databind.introspect,OneAnnotation,3,0,5,5,29,8,0,1,0.4,0,0
java,com.fasterxml.jackson.databind.introspect,TwoAnnotations,5,0,5,5,34,9,0,1,0.4,0,0
java,com.fasterxml.jackson.databind.introspect,POJOPropertyBuilder,19,6,97,67,1055,272,0,2,0.10309278350515463,2,19
java,com.fasterxml.jackson.databind.introspect,WithMember,0,0,1,1,3,1,0,0,-1.0,0,1
java,com.fasterxml.jackson.databind.introspect,MemberIterator,1,0,4,4,21,5,0,0,0.5,0,1
java,com.fasterxml.jackson.databind.introspect,Linked,6,6,9,8,96,25,0,0,0.0,3,2
java,com.fasterxml.jackson.databind.introspect,AnnotatedMethod,8,0,32,29,189,42,0,3,0.0,31,5
java,com.fasterxml.jackson.databind.introspect,Serialization,4,0,1,1,14,1,0,0,0.0,0,0
java,com.fasterxml.jackson.databind.introspect,AnnotatedMember,3,0,15,13,94,20,4,1,0.4,53,4
java,com.fasterxml.jackson.databind.introspect,MethodGenericTypeResolver,0,0,7,1,145,39,0,0,-1.0,2,5
java,com.fasterxml.jackson.databind.module,SimpleSerializers,4,0,13,11,146,36,0,2,0.15384615384615385,1,12
java,com.fasterxml.jackson.databind.module,SimpleModule,16,0,32,30,360,63,0,1,0.15625,0,14
java,com.fasterxml.jackson.databind.module,SimpleAbstractTypeResolver,2,0,4,4,43,8,0,1,0.75,1,3
java,com.fasterxml.jackson.databind.module,SimpleKeyDeserializers,2,0,3,3,22,5,0,1,0.6666666666666666,1,4
java,com.fasterxml.jackson.databind.module,SimpleDeserializers,3,0,15,14,88,23,0,2,0.2,1,14
java,com.fasterxml.jackson.databind.module,SimpleValueInstantiators,2,0,3,3,18,3,0,2,0.0,1,4
java,com.fasterxml.jackson.databind.deser,DefaultDeserializationContext,4,0,26,14,257,62,1,2,0.8461538461538461,3,16
java,com.fasterxml.jackson.databind.deser,Impl,1,0,9,5,37,9,0,3,1.0,2,5
java,com.fasterxml.jackson.databind.deser,UnresolvedForwardReference,3,0,9,9,67,12,0,2,0.4444444444444444,15,2
java,com.fasterxml.jackson.databind.deser,ContextualDeserializer,0,0,1,1,13,1,19,0,-1.0,0,2
java,com.fasterxml.jackson.databind.deser,NullValueProvider,0,0,3,2,21,3,4,0,-1.0,29,1
java,com.fasterxml.jackson.databind.deser,SettableBeanProperty,13,0,78,63,499,98,7,3,0.08974358974358974,35,18
java,com.fasterxml.jackson.databind.deser,Delegating,1,0,28,24,96,29,3,4,0.0,0,6
java,com.fasterxml.jackson.databind.deser,DeserializerFactory,1,0,20,20,77,20,1,0,1.0,5,15
java,com.fasterxml.jackson.databind.deser,CreatorProperty,6,0,27,22,177,34,0,4,0.2222222222222222,3,14
java,com.fasterxml.jackson.databind.deser,BeanDeserializerModifier,0,0,11,11,84,11,0,0,-1.0,7,12
java,com.fasterxml.jackson.databind.deser,BeanDeserializerBuilder,14,0,35,27,357,64,0,0,0.05714285714285714,7,21
java,com.fasterxml.jackson.databind.deser,BuilderBasedDeserializer,3,0,32,16,581,120,0,4,0.34375,1,16
java,com.fasterxml.jackson.databind.deser,KeyDeserializers,0,0,1,1,6,1,2,0,-1.0,6,3
java,com.fasterxml.jackson.databind.deser,SettableAnyProperty,16,0,33,24,251,45,3,0,0.2727272727272727,8,19
java,com.fasterxml.jackson.databind.deser,AnySetterReferring,3,0,2,2,17,3,0,1,0.0,1,2
java,com.fasterxml.jackson.databind.deser,MethodAnyProperty,1,0,3,2,15,3,0,1,1.0,0,5
java,com.fasterxml.jackson.databind.deser,MapFieldAnyProperty,2,0,4,2,30,6,0,1,0.0,0,10
java,com.fasterxml.jackson.databind.deser,JsonNodeFieldAnyProperty,2,0,6,4,39,8,0,1,0.3333333333333333,0,9
java,com.fasterxml.jackson.databind.deser,BeanDeserializer,6,0,38,16,819,163,1,4,0.47368421052631576,1,17
java,com.fasterxml.jackson.databind.deser,BeanReferring,3,0,3,2,22,4,0,1,0.0,1,5
java,com.fasterxml.jackson.databind.deser,DataFormatReaders,11,1,25,22,230,40,0,0,0.28,1,4
java,com.fasterxml.jackson.databind.deser,AccessorForReader,0,0,4,4,17,4,0,0,-1.0,1,1
java,com.fasterxml.jackson.databind.deser,Match,6,0,7,6,80,10,0,0,0.0,1,1
java,com.fasterxml.jackson.databind.deser,ValueInstantiator,4,0,75,72,366,82,3,0,0.16,33,6
java,com.fasterxml.jackson.databind.deser,Gettable,0,0,1,1,6,1,3,0,-1.0,0,0
java,com.fasterxml.jackson.databind.deser,Base,2,0,4,4,19,4,8,1,0.0,0,1
java,com.fasterxml.jackson.databind.deser,Delegating,2,0,34,32,111,34,0,1,0.9411764705882353,0,5
java,com.fasterxml.jackson.databind.deser,AbstractDeserializer,9,0,16,12,192,39,0,2,0.375,2,19
java,com.fasterxml.jackson.databind.deser,BeanDeserializerFactory,3,1,25,6,614,127,0,2,0.12,2,34
java,com.fasterxml.jackson.databind.deser,BasicDeserializerFactory,19,5,83,37,1630,380,1,1,0.12048192771084337,0,68
java,com.fasterxml.jackson.databind.deser,ContainerDefaultMappings,2,0,2,2,40,2,0,0,1.0,1,1
java,com.fasterxml.jackson.databind.deser,CreatorCollectionState,9,5,12,12,61,14,0,0,0.4166666666666667,1,6
java,com.fasterxml.jackson.databind.deser,DeserializationProblemHandler,1,1,12,12,122,12,0,0,0.3333333333333333,7,5
java,com.fasterxml.jackson.databind.deser,BeanDeserializerBase,22,0,75,42,1172,229,4,3,0.12,5,38
java,com.fasterxml.jackson.databind.deser,UnresolvedId,3,0,5,5,32,5,0,0,0.0,1,1
java,com.fasterxml.jackson.databind.deser,ResolvableDeserializer,0,0,1,1,10,1,7,0,-1.0,0,1
java,com.fasterxml.jackson.databind.deser,ValueInstantiators,0,0,2,2,21,2,1,0,-1.0,7,3
java,com.fasterxml.jackson.databind.deser,Base,0,0,1,1,8,1,0,1,-1.0,0,3
java,com.fasterxml.jackson.databind.deser,DeserializerCache,3,0,21,7,331,75,0,0,0.14285714285714285,2,15
java,com.fasterxml.jackson.databind.deser,ContextualKeyDeserializer,0,0,1,1,12,1,0,0,-1.0,0,2
java,com.fasterxml.jackson.databind.deser,Deserializers,0,0,19,19,130,19,1,0,-1.0,8,12
java,com.fasterxml.jackson.databind.deser,Base,0,0,9,9,32,9,0,1,-1.0,0,12
java,com.fasterxml.jackson.databind.deser.impl,InnerClassProperty,3,0,7,3,68,12,0,5,0.2857142857142857,0,4
java,com.fasterxml.jackson.databind.deser.impl,PropertyBasedCreator,6,0,14,13,149,31,0,0,0.5,9,8
java,com.fasterxml.jackson.databind.deser.impl,CaseInsensitiveMap,2,0,5,5,28,5,0,0,0.6,1,1
java,com.fasterxml.jackson.databind.deser.impl,UnwrappedPropertyHandler,1,0,5,4,40,9,0,0,0.0,1,5
java,com.fasterxml.jackson.databind.deser.impl,CreatorCollector,21,0,20,15,237,47,0,0,0.0,2,11
java,com.fasterxml.jackson.databind.deser.impl,ObjectIdReferenceProperty,4,1,16,16,83,20,0,4,0.25,2,10
java,com.fasterxml.jackson.databind.deser.impl,PropertyReferring,2,1,2,2,15,3,0,1,0.0,0,2
java,com.fasterxml.jackson.databind.deser.impl,BeanPropertyMap,10,0,37,22,522,105,0,0,0.16216216216216217,10,10
java,com.fasterxml.jackson.databind.deser.impl,ValueInjector,2,0,4,4,26,4,0,3,0.5,0,7
java,com.fasterxml.jackson.databind.deser.impl,PropertyValueBuffer,9,0,13,11,201,39,0,0,0.15384615384615385,12,7
java,com.fasterxml.jackson.databind.deser.impl,TypeWrappedDeserializer,3,0,11,11,43,11,0,2,0.18181818181818182,0,4
java,com.fasterxml.jackson.databind.deser.impl,MethodProperty,4,0,15,11,141,26,0,4,0.26666666666666666,1,12
java,com.fasterxml.jackson.databind.deser.impl,ExternalTypeHandler,12,0,24,16,368,65,0,0,0.20833333333333334,4,11
java,com.fasterxml.jackson.databind.deser.impl,Builder,3,0,4,2,48,8,0,0,0.0,1,6
java,com.fasterxml.jackson.databind.deser.impl,ExtTypedProperty,4,0,8,8,48,9,0,0,0.25,2,2
java,com.fasterxml.jackson.databind.deser.impl,JavaUtilCollectionsDeserializers,16,1,14,5,199,56,0,0,0.14285714285714285,2,6
java,com.fasterxml.jackson.databind.deser.impl,JavaUtilCollectionsConverter,2,0,5,3,65,18,0,1,0.0,1,3
java,com.fasterxml.jackson.databind.deser.impl,NullsFailProvider,3,0,6,5,27,6,0,1,0.6666666666666666,3,6
java,com.fasterxml.jackson.databind.deser.impl,BeanAsArrayDeserializer,3,0,13,9,241,47,0,4,0.15384615384615385,0,9
java,com.fasterxml.jackson.databind.deser.impl,CreatorCandidate,7,3,15,14,101,25,0,0,0.13333333333333333,2,5
java,com.fasterxml.jackson.databind.deser.impl,Param,3,3,3,3,23,5,0,0,0.0,0,3
java,com.fasterxml.jackson.databind.deser.impl,NullsAsEmptyProvider,2,0,3,3,16,3,0,1,0.6666666666666666,0,2
java,com.fasterxml.jackson.databind.deser.impl,FieldProperty,4,0,15,11,143,27,0,4,0.3333333333333333,1,13
java,com.fasterxml.jackson.databind.deser.impl,ObjectIdValueProperty,2,0,12,10,64,16,0,4,0.5,3,9
java,com.fasterxml.jackson.databind.deser.impl,FailingDeserializer,2,0,3,3,18,3,0,3,0.6666666666666666,0,1
java,com.fasterxml.jackson.databind.deser.impl,MergingSettableBeanProperty,2,0,8,5,65,15,0,5,0.5,2,4
java,com.fasterxml.jackson.databind.deser.impl,PropertyValue,6,2,8,7,59,8,3,0,0.25,5,3
java,com.fasterxml.jackson.databind.deser.impl,Regular,1,0,2,2,13,2,0,1,0.0,0,2
java,com.fasterxml.jackson.databind.deser.impl,Any,2,0,2,2,15,2,0,1,0.0,0,2
java,com.fasterxml.jackson.databind.deser.impl,Map,1,0,2,2,13,2,0,1,0.0,15,1
java,com.fasterxml.jackson.databind.deser.impl,JDKValueInstantiators,8,3,17,17,99,26,0,0,0.9411764705882353,2,7
java,com.fasterxml.jackson.databind.deser.impl,ArrayListInstantiator,2,1,4,4,16,4,0,2,1.0,2,3
java,com.fasterxml.jackson.databind.deser.impl,HashMapInstantiator,2,1,4,4,16,4,0,2,1.0,2,3
java,com.fasterxml.jackson.databind.deser.impl,LinkedHashMapInstantiator,2,1,4,4,16,4,0,2,1.0,2,3
java,com.fasterxml.jackson.databind.deser.impl,ConstantValueInstantiator,2,0,4,4,17,4,0,2,0.75,0,2
java,com.fasterxml.jackson.databind.deser.impl,ObjectIdReader,7,4,7,6,59,7,0,0,0.0,12,5
java,com.fasterxml.jackson.databind.deser.impl,NullsConstantProvider,5,0,8,7,47,9,0,1,0.375,9,3
java,com.fasterxml.jackson.databind.deser.impl,UnsupportedTypeDeserializer,3,0,2,2,24,4,0,3,0.0,0,2
java,com.fasterxml.jackson.databind.deser.impl,ErrorThrowingDeserializer,1,0,2,2,13,2,0,2,0.0,0,1
java,com.fasterxml.jackson.databind.deser.impl,ManagedReferenceProperty,4,0,7,6,68,18,0,5,0.2857142857142857,0,3
java,com.fasterxml.jackson.databind.deser.impl,PropertyBasedObjectIdGenerator,1,0,5,5,21,6,0,0,1.0,0,0
java,com.fasterxml.jackson.databind.deser.impl,ReadableObjectId,6,0,17,17,95,21,0,0,0.23529411764705882,6,4
java,com.fasterxml.jackson.databind.deser.impl,Referring,2,0,6,6,22,6,5,0,0.3333333333333333,4,2
java,com.fasterxml.jackson.databind.deser.impl,SetterlessProperty,3,0,13,11,79,17,0,4,0.38461538461538464,1,11
java,com.fasterxml.jackson.databind.deser.impl,BeanAsArrayBuilderDeserializer,5,0,15,10,215,41,0,4,0.2,0,12
java,com.fasterxml.jackson.databind.deser.std,AtomicBooleanDeserializer,1,0,4,4,23,6,0,4,1.0,0,1
java,com.fasterxml.jackson.databind.deser.std,EnumSetDeserializer,6,0,18,13,164,32,0,3,0.2777777777777778,1,10
java,com.fasterxml.jackson.databind.deser.std,UUIDDeserializer,2,0,12,2,91,20,0,5,0.25,1,3
java,com.fasterxml.jackson.databind.deser.std,EnumMapDeserializer,8,0,16,14,275,54,0,4,0.25,1,13
java,com.fasterxml.jackson.databind.deser.std,ContainerDeserializerBase,4,0,13,7,112,19,6,3,0.46153846153846156,1,10
java,com.fasterxml.jackson.databind.deser.std,DelegatingDeserializer,2,0,21,20,84,25,0,3,0.0,0,7
java,com.fasterxml.jackson.databind.deser.std,CollectionDeserializer,10,1,23,14,324,59,1,4,0.21739130434782608,1,15
java,com.fasterxml.jackson.databind.deser.std,CollectionReferringAccumulator,3,0,4,4,44,7,0,0,0.0,2,2
java,com.fasterxml.jackson.databind.deser.std,CollectionReferring,2,1,2,1,14,2,0,1,0.0,2,2
java,com.fasterxml.jackson.databind.deser.std,StdDeserializer,5,0,98,6,1593,374,18,2,0.11224489795918367,7,18
java,com.fasterxml.jackson.databind.deser.std,StringCollectionDeserializer,4,0,13,9,198,42,0,4,0.23076923076923078,0,10
java,com.fasterxml.jackson.databind.deser.std,UntypedObjectDeserializerNR,11,1,34,23,485,132,0,3,0.23529411764705882,2,5
java,com.fasterxml.jackson.databind.deser.std,Scope,7,0,21,16,178,43,0,0,0.14285714285714285,2,1
java,com.fasterxml.jackson.databind.deser.std,TokenBufferDeserializer,1,0,3,3,15,3,0,4,1.0,0,1
java,com.fasterxml.jackson.databind.deser.std,StringDeserializer,2,1,6,6,31,8,0,4,0.8333333333333334,2,3
java,com.fasterxml.jackson.databind.deser.std,NullifyingDeserializer,2,1,4,4,39,10,0,3,1.0,4,4
java,com.fasterxml.jackson.databind.deser.std,ArrayBlockingQueueDeserializer,1,0,7,2,43,9,0,5,1.0,1,7
java,com.fasterxml.jackson.databind.deser.std,JsonNodeDeserializer,5,0,20,11,143,32,0,4,0.95,2,9
java,com.fasterxml.jackson.databind.deser.std,ObjectDeserializer,2,0,6,3,44,10,0,4,1.0,2,4
java,com.fasterxml.jackson.databind.deser.std,ArrayDeserializer,2,0,6,3,38,8,0,4,1.0,2,4
java,com.fasterxml.jackson.databind.deser.std,BaseNodeDeserializer,6,0,24,10,456,113,3,3,0.2916666666666667,1,12
java,com.fasterxml.jackson.databind.deser.std,ContainerStack,3,0,4,4,33,7,0,0,0.5,2,1
java,com.fasterxml.jackson.databind.deser.std,ReferenceTypeDeserializer,5,0,18,17,122,27,1,3,0.2222222222222222,0,7
java,com.fasterxml.jackson.databind.deser.std,AtomicIntegerDeserializer,1,0,4,4,19,5,0,4,1.0,0,1
java,com.fasterxml.jackson.databind.deser.std,ByteBufferDeserializer,1,0,4,3,19,4,0,4,1.0,0,1
java,com.fasterxml.jackson.databind.deser.std,AtomicLongDeserializer,1,0,4,4,19,5,0,4,1.0,0,1
java,com.fasterxml.jackson.databind.deser.std,StdScalarDeserializer,1,0,9,6,40,9,15,3,1.0,1,5
java,com.fasterxml.jackson.databind.deser.std,StdKeyDeserializer,38,17,26,12,409,83,4,1,0.2692307692307692,1,8
java,com.fasterxml.jackson.databind.deser.std,StringKD,3,0,3,2,20,5,0,2,1.0,2,2
java,com.fasterxml.jackson.databind.deser.std,DelegatingKD,3,0,3,2,34,5,0,1,0.0,0,3
java,com.fasterxml.jackson.databind.deser.std,EnumKD,7,0,6,1,98,16,0,2,0.0,0,4
java,com.fasterxml.jackson.databind.deser.std,StringCtorKeyDeserializer,2,0,2,2,14,2,0,2,0.0,0,1
java,com.fasterxml.jackson.databind.deser.std,StringFactoryKeyDeserializer,2,0,2,2,14,2,0,2,0.0,0,1
java,com.fasterxml.jackson.databind.deser.std,AtomicReferenceDeserializer,1,0,9,9,37,9,0,4,0.8888888888888888,0,6
java,com.fasterxml.jackson.databind.deser.std,FactoryBasedEnumDeserializer,8,0,14,9,173,33,0,3,0.35714285714285715,0,13
java,com.fasterxml.jackson.databind.deser.std,MapEntryDeserializer,4,0,11,8,144,26,0,4,0.45454545454545453,1,7
java,com.fasterxml.jackson.databind.deser.std,StackTraceElementDeserializer,12,10,7,3,71,12,0,4,0.42857142857142855,1,3
java,com.fasterxml.jackson.databind.deser.std,Adapter,10,10,0,0,12,0,0,0,-1.0,1,0
java,com.fasterxml.jackson.databind.deser.std,PrimitiveArrayDeserializers,13,2,73,25,667,150,8,3,0.7671232876712328,2,25
java,com.fasterxml.jackson.databind.deser.std,CharDeser,1,0,7,2,76,19,0,4,1.0,2,3
java,com.fasterxml.jackson.databind.deser.std,BooleanDeser,1,0,7,2,65,14,0,4,1.0,2,5
java,com.fasterxml.jackson.databind.deser.std,ByteDeser,1,0,8,3,105,22,0,4,1.0,2,5
java,com.fasterxml.jackson.databind.deser.std,ShortDeser,1,0,7,2,59,12,0,4,1.0,2,5
java,com.fasterxml.jackson.databind.deser.std,IntDeser,2,1,7,2,63,13,0,4,1.0,2,5
java,com.fasterxml.jackson.databind.deser.std,LongDeser,2,1,7,2,63,13,0,4,1.0,2,5
java,com.fasterxml.jackson.databind.deser.std,FloatDeser,1,0,7,2,54,12,0,4,1.0,2,5
java,com.fasterxml.jackson.databind.deser.std,DoubleDeser,1,0,7,2,54,12,0,4,1.0,2,5
java,com.fasterxml.jackson.databind.deser.std,NumberDeserializers,33,3,44,38,751,195,0,0,0.6590909090909091,1,15
java,com.fasterxml.jackson.databind.deser.std,PrimitiveOrWrapperDeserializer,5,0,6,4,38,9,8,4,0.3333333333333333,0,2
java,com.fasterxml.jackson.databind.deser.std,BooleanDeserializer,3,0,3,3,34,9,0,5,1.0,2,3
java,com.fasterxml.jackson.databind.deser.std,ByteDeserializer,3,0,3,2,67,17,0,5,0.6666666666666666,2,2
java,com.fasterxml.jackson.databind.deser.std,ShortDeserializer,3,0,3,2,67,17,0,5,0.6666666666666666,2,2
java,com.fasterxml.jackson.databind.deser.std,CharacterDeserializer,3,0,2,2,59,16,0,5,1.0,2,2
java,com.fasterxml.jackson.databind.deser.std,IntegerDeserializer,3,0,4,4,29,8,0,5,1.0,2,3
java,com.fasterxml.jackson.databind.deser.std,LongDeserializer,3,0,3,3,20,5,0,5,1.0,2,2
java,com.fasterxml.jackson.databind.deser.std,FloatDeserializer,3,0,3,2,67,17,0,5,0.6666666666666666,2,2
java,com.fasterxml.jackson.databind.deser.std,DoubleDeserializer,3,0,4,3,77,20,0,5,0.5,2,3
java,com.fasterxml.jackson.databind.deser.std,NumberDeserializer,1,1,4,4,94,26,0,4,0.75,2,3
java,com.fasterxml.jackson.databind.deser.std,BigIntegerDeserializer,1,1,4,4,62,14,0,4,0.75,2,2
java,com.fasterxml.jackson.databind.deser.std,BigDecimalDeserializer,1,1,4,4,55,14,0,4,0.75,2,2
java,com.fasterxml.jackson.databind.deser.std,StdDelegatingDeserializer,4,0,26,21,154,34,0,3,0.0,1,10
java,com.fasterxml.jackson.databind.deser.std,JsonLocationInstantiator,1,0,7,4,30,7,0,2,0.5714285714285714,1,7
java,com.fasterxml.jackson.databind.deser.std,StringArrayDeserializer,7,1,12,9,250,47,0,3,0.4166666666666667,2,11
java,com.fasterxml.jackson.databind.deser.std,MapDeserializer,19,2,34,21,691,127,0,4,0.14705882352941177,2,23
java,com.fasterxml.jackson.databind.deser.std,MapReferringAccumulator,3,0,4,4,41,7,0,0,0.0,2,3
java,com.fasterxml.jackson.databind.deser.std,MapReferring,3,2,2,1,16,2,0,1,0.0,2,3
java,com.fasterxml.jackson.databind.deser.std,ObjectArrayDeserializer,6,0,15,12,249,46,0,4,0.2,1,10
java,com.fasterxml.jackson.databind.deser.std,FromStringDeserializer,15,12,30,13,340,86,6,4,0.6333333333333333,2,3
java,com.fasterxml.jackson.databind.deser.std,Std,15,12,8,1,142,34,0,5,0.0,1,2
java,com.fasterxml.jackson.databind.deser.std,StringBuilderDeserializer,0,0,5,4,21,6,0,5,-1.0,0,1
java,com.fasterxml.jackson.databind.deser.std,StringBufferDeserializer,0,0,5,4,21,6,0,5,-1.0,0,1
java,com.fasterxml.jackson.databind.deser.std,DateDeserializers,5,1,29,21,253,54,0,0,0.7586206896551724,1,8
java,com.fasterxml.jackson.databind.deser.std,DateBasedDeserializer,2,0,6,2,114,24,4,4,0.3333333333333333,2,4
java,com.fasterxml.jackson.databind.deser.std,CalendarDeserializer,1,0,6,5,48,9,0,5,0.5,2,2
java,com.fasterxml.jackson.databind.deser.std,DateDeserializer,1,1,5,4,21,5,0,5,1.0,2,2
java,com.fasterxml.jackson.databind.deser.std,SqlDateDeserializer,0,0,5,4,21,5,0,5,-1.0,2,2
java,com.fasterxml.jackson.databind.deser.std,TimestampDeserializer,0,0,5,4,21,5,0,5,-1.0,2,2
java,com.fasterxml.jackson.databind.deser.std,StdKeyDeserializers,1,0,10,7,92,23,0,1,0.8,2,12
java,com.fasterxml.jackson.databind.deser.std,ThrowableDeserializer,4,0,5,4,109,26,0,5,1.0,1,4
java,com.fasterxml.jackson.databind.deser.std,StdValueInstantiator,19,0,51,44,416,83,0,1,0.0,2,7
java,com.fasterxml.jackson.databind.deser.std,EnumDeserializer,10,0,24,13,289,60,0,4,0.2916666666666667,2,9
java,com.fasterxml.jackson.databind.deser.std,StdNodeBasedDeserializer,2,0,9,6,50,9,0,3,0.3333333333333333,1,5
java,com.fasterxml.jackson.databind.deser.std,JdkDeserializers,1,0,3,3,57,12,0,0,0.0,2,6
java,com.fasterxml.jackson.databind.deser.std,UntypedObjectDeserializer,12,1,34,18,702,178,0,3,0.4117647058823529,1,12
java,com.fasterxml.jackson.databind.deser.std,Vanilla,3,1,13,7,259,69,0,3,0.38461538461538464,2,5
java,com.fasterxml.jackson.databind.exc,ValueInstantiationException,1,0,5,3,27,5,0,2,0.6,1,1
java,com.fasterxml.jackson.databind.exc,UnrecognizedPropertyException,1,0,3,3,35,4,0,4,1.0,2,1
java,com.fasterxml.jackson.databind.exc,MismatchedInputException,1,0,9,5,43,9,4,2,0.5555555555555556,3,3
java,com.fasterxml.jackson.databind.exc,InvalidTypeIdException,3,0,4,4,29,4,0,3,0.5,2,1
java,com.fasterxml.jackson.databind.exc,InvalidDefinitionException,3,0,11,7,63,11,0,2,0.45454545454545453,5,3
java,com.fasterxml.jackson.databind.exc,PropertyBindingException,5,0,6,4,90,12,2,3,0.3333333333333333,0,0
java,com.fasterxml.jackson.databind.exc,InvalidFormatException,2,0,5,5,43,5,0,3,0.4,3,0
java,com.fasterxml.jackson.databind.exc,InvalidNullException,2,0,3,2,26,4,0,3,0.6666666666666666,3,5
java,com.fasterxml.jackson.databind.exc,IgnoredPropertyException,1,0,3,3,39,4,0,4,1.0,2,1
java,com.fasterxml.jackson.databind.jdk14,JDK14Util,13,2,11,8,177,30,0,0,0.45454545454545453,4,10
java,com.fasterxml.jackson.databind.jdk14,RecordAccessor,5,0,5,3,88,11,0,0,0.4,3,3
java,com.fasterxml.jackson.databind.jdk14,RawTypeName,2,2,1,1,8,1,0,0,0.0,0,0
java,com.fasterxml.jackson.databind.jdk14,CreatorLocator,6,0,2,1,66,15,0,0,0.0,0,6
java,com.fasterxml.jackson.databind.annotation,NoClass,0,0,1,0,7,1,0,0,-1.0,0,0
java,com.fasterxml.jackson.databind.annotation,Value,2,2,2,2,14,2,0,0,0.0,5,0
java,com.fasterxml.jackson.databind.json,JsonMapper,1,0,18,17,92,24,0,1,0.8888888888888888,3,1
java,com.fasterxml.jackson.databind.json,Builder,0,0,7,7,51,13,0,1,-1.0,0,1
java,com.fasterxml.jackson.databind.ext,CoreXMLSerializers,2,0,10,8,53,13,0,2,0.4,0,12
java,com.fasterxml.jackson.databind.ext,XMLGregorianCalendarSerializer,2,0,9,7,38,10,0,3,0.2222222222222222,2,8
java,com.fasterxml.jackson.databind.ext,NioPathSerializer,1,0,3,3,17,3,0,4,0.6666666666666666,0,2
java,com.fasterxml.jackson.databind.ext,Java7SupportImpl,1,0,4,4,39,9,0,1,1.0,0,4
java,com.fasterxml.jackson.databind.ext,DOMSerializer,1,0,5,4,48,6,0,3,0.6,1,4
java,com.fasterxml.jackson.databind.ext,Java7HandlersImpl,1,0,4,4,25,6,0,1,0.0,0,0
java,com.fasterxml.jackson.databind.ext,SqlBlobSerializer,0,0,6,5,37,7,0,4,-1.0,0,5
java,com.fasterxml.jackson.databind.ext,OptionalHandlerFactory,18,1,8,3,169,28,0,0,0.25,3,11
java,com.fasterxml.jackson.databind.ext,Java7Handlers,1,0,4,4,13,4,1,0,1.0,2,1
java,com.fasterxml.jackson.databind.ext,CoreXMLDeserializers,6,0,6,4,86,16,0,2,0.3333333333333333,0,5
java,com.fasterxml.jackson.databind.ext,Std,2,0,4,2,50,11,0,5,0.0,0,1
java,com.fasterxml.jackson.databind.ext,NioPathDeserializer,2,0,2,2,63,8,0,4,1.0,0,1
java,com.fasterxml.jackson.databind.ext,Java7Support,1,0,4,4,23,4,1,0,1.0,2,3
java,com.fasterxml.jackson.databind.ext,DOMDeserializer,4,0,8,5,65,8,2,5,0.625,0,1
java,com.fasterxml.jackson.databind.ext,NodeDeserializer,1,0,2,2,9,2,0,6,1.0,0,1
java,com.fasterxml.jackson.databind.ext,DocumentDeserializer,1,0,2,2,9,2,0,6,1.0,0,1
java,com.fasterxml.jackson.databind.jsonFormatVisitors,JsonFormatVisitorWithSerializerProvider,0,0,2,2,7,2,4,0,-1.0,0,1
java,com.fasterxml.jackson.databind.jsonFormatVisitors,JsonValueFormatVisitor,0,0,4,2,19,4,5,0,-1.0,8,0
java,com.fasterxml.jackson.databind.jsonFormatVisitors,Base,0,0,2,2,9,2,4,1,-1.0,0,0
java,com.fasterxml.jackson.databind.jsonFormatVisitors,JsonMapFormatVisitor,1,0,8,8,31,8,1,1,-1.0,1,3
java,com.fasterxml.jackson.databind.jsonFormatVisitors,Base,1,0,6,6,21,6,0,2,0.6666666666666666,0,3
java,com.fasterxml.jackson.databind.jsonFormatVisitors,JsonStringFormatVisitor,0,0,0,0,7,0,1,1,-1.0,3,1
java,com.fasterxml.jackson.databind.jsonFormatVisitors,Base,0,0,0,0,5,0,0,2,-1.0,0,1
java,com.fasterxml.jackson.databind.jsonFormatVisitors,JsonFormatVisitable,0,0,1,1,10,1,5,0,-1.0,6,2
java,com.fasterxml.jackson.databind.jsonFormatVisitors,JsonObjectFormatVisitor,1,0,12,12,40,12,1,1,-1.0,15,4
java,com.fasterxml.jackson.databind.jsonFormatVisitors,Base,1,0,8,8,25,8,0,2,0.75,0,4
java,com.fasterxml.jackson.databind.jsonFormatVisitors,JsonIntegerFormatVisitor,0,0,2,2,13,2,1,1,-1.0,1,1
java,com.fasterxml.jackson.databind.jsonFormatVisitors,Base,0,0,1,1,7,1,0,2,-1.0,0,1
java,com.fasterxml.jackson.databind.jsonFormatVisitors,JsonNullFormatVisitor,0,0,0,0,7,0,1,0,-1.0,0,0
java,com.fasterxml.jackson.databind.jsonFormatVisitors,Base,0,0,0,0,5,0,0,1,-1.0,0,0
java,com.fasterxml.jackson.databind.jsonFormatVisitors,JsonArrayFormatVisitor,1,0,8,6,33,8,1,1,-1.0,8,3
java,com.fasterxml.jackson.databind.jsonFormatVisitors,Base,1,0,6,6,21,6,0,2,0.6666666666666666,0,3
java,com.fasterxml.jackson.databind.jsonFormatVisitors,JsonBooleanFormatVisitor,0,0,0,0,7,0,1,1,-1.0,0,1
java,com.fasterxml.jackson.databind.jsonFormatVisitors,Base,0,0,0,0,5,0,0,2,-1.0,0,1
java,com.fasterxml.jackson.databind.jsonFormatVisitors,JsonFormatVisitorWrapper,1,0,22,22,87,22,1,1,-1.0,55,2
java,com.fasterxml.jackson.databind.jsonFormatVisitors,Base,1,0,13,13,45,13,0,2,0.8461538461538461,0,2
java,com.fasterxml.jackson.databind.jsonFormatVisitors,JsonNumberFormatVisitor,0,0,2,2,13,2,1,1,-1.0,1,1
java,com.fasterxml.jackson.databind.jsonFormatVisitors,Base,0,0,1,1,7,1,0,2,-1.0,0,1
java,com.fasterxml.jackson.databind.jsonFormatVisitors,JsonAnyFormatVisitor,0,0,0,0,7,0,1,0,-1.0,0,0
java,com.fasterxml.jackson.databind.jsonFormatVisitors,Base,0,0,0,0,5,0,0,1,-1.0,0,0
java,com.fasterxml.jackson.databind.ser,SerializerFactory,0,0,7,7,37,7,1,0,-1.0,6,5
java,com.fasterxml.jackson.databind.ser,Serializers,0,0,14,14,64,14,1,0,-1.0,8,11
java,com.fasterxml.jackson.databind.ser,Base,0,0,7,7,26,7,2,1,-1.0,0,11
java,com.fasterxml.jackson.databind.ser,BeanPropertyFilter,0,0,3,3,31,3,1,0,-1.0,3,4
java,com.fasterxml.jackson.databind.ser,FilterProvider,0,0,2,2,25,3,1,0,-1.0,5,2
java,com.fasterxml.jackson.databind.ser,PropertyBuilder,7,0,9,2,215,39,0,0,0.0,1,16
java,com.fasterxml.jackson.databind.ser,BeanSerializerBuilder,9,0,20,18,151,32,0,0,0.0,5,7
java,com.fasterxml.jackson.databind.ser,BeanSerializer,1,0,16,8,89,19,0,4,1.0,1,6
java,com.fasterxml.jackson.databind.ser,ResolvableSerializer,0,0,1,1,10,1,2,0,-1.0,0,1
java,com.fasterxml.jackson.databind.ser,BeanSerializerFactory,2,1,26,6,514,110,0,2,0.11538461538461539,2,34
java,com.fasterxml.jackson.databind.ser,BeanPropertyWriter,19,1,49,40,597,107,4,4,0.10204081632653061,15,19
java,com.fasterxml.jackson.databind.ser,VirtualBeanPropertyWriter,1,0,13,4,152,38,1,5,0.8461538461538461,2,11
java,com.fasterxml.jackson.databind.ser,ContainerSerializer,0,0,10,4,57,11,4,3,-1.0,1,5
java,com.fasterxml.jackson.databind.ser,PropertyWriter,1,0,14,11,64,15,2,3,1.0,5,6
java,com.fasterxml.jackson.databind.ser,AnyGetterWriter,4,0,5,5,66,14,0,0,0.0,2,7
java,com.fasterxml.jackson.databind.ser,PropertyFilter,0,0,4,4,37,4,1,0,-1.0,4,4
java,com.fasterxml.jackson.databind.ser,BeanSerializerModifier,0,0,11,11,83,11,0,0,-1.0,7,10
java,com.fasterxml.jackson.databind.ser,ContextualSerializer,0,0,1,1,13,1,21,0,-1.0,0,2
java,com.fasterxml.jackson.databind.ser,BasicSerializerFactory,3,0,39,13,795,182,1,1,0.10256410256410256,0,39
java,com.fasterxml.jackson.databind.ser,DefaultSerializerProvider,5,0,29,20,396,77,1,2,0.6896551724137931,5,17
java,com.fasterxml.jackson.databind.ser,Impl,1,0,5,4,24,6,0,3,1.0,2,4
java,com.fasterxml.jackson.databind.ser,SerializerCache,3,1,15,14,129,25,0,0,0.13333333333333333,1,4
java,com.fasterxml.jackson.databind.ser.impl,StringArraySerializer,3,1,14,12,119,29,0,5,0.5,2,9
java,com.fasterxml.jackson.databind.ser.impl,ReadOnlyClassToSerializerMap,8,2,13,12,122,30,0,0,0.15384615384615385,3,6
java,com.fasterxml.jackson.databind.ser.impl,Bucket,5,2,5,5,26,5,0,0,0.0,2,4
java,com.fasterxml.jackson.databind.ser.impl,ObjectIdWriter,5,5,4,3,51,5,0,0,0.0,7,3
java,com.fasterxml.jackson.databind.ser.impl,IndexedStringListSerializer,2,1,8,4,57,12,0,4,0.75,2,5
java,com.fasterxml.jackson.databind.ser.impl,SimpleFilterProvider,4,0,16,14,130,23,0,1,0.25,1,4
java,com.fasterxml.jackson.databind.ser.impl,UnsupportedTypeSerializer,3,0,2,2,16,2,0,3,0.0,0,2
java,com.fasterxml.jackson.databind.ser.impl,UnwrappingBeanPropertyWriter,2,0,11,7,128,30,0,5,0.2727272727272727,1,11
java,com.fasterxml.jackson.databind.ser.impl,WritableObjectId,3,2,4,4,48,9,0,0,0.0,2,2
java,com.fasterxml.jackson.databind.ser.impl,UnknownSerializer,0,0,5,4,29,8,0,4,-1.0,0,3
java,com.fasterxml.jackson.databind.ser.impl,TypeWrappedSerializer,2,0,7,7,37,9,0,2,0.2857142857142857,0,4
java,com.fasterxml.jackson.databind.ser.impl,BeanAsArraySerializer,2,0,16,8,112,22,0,4,0.5625,0,8
java,com.fasterxml.jackson.databind.ser.impl,IndexedListSerializer,1,0,10,10,135,28,0,5,0.7,1,7
java,com.fasterxml.jackson.databind.ser.impl,UnwrappingBeanSerializer,2,0,16,10,92,21,0,4,0.75,1,6
java,com.fasterxml.jackson.databind.ser.impl,SimpleBeanPropertyFilter,6,0,29,21,169,38,2,1,0.7241379310344828,2,8
java,com.fasterxml.jackson.databind.ser.impl,FilterExceptFilter,3,0,3,1,20,3,0,2,0.0,2,3
java,com.fasterxml.jackson.databind.ser.impl,SerializeExceptFilter,3,0,3,1,20,3,0,2,0.0,2,3
java,com.fasterxml.jackson.databind.ser.impl,PropertySerializerMap,15,6,29,26,236,47,4,0,0.13793103448275862,20,7
java,com.fasterxml.jackson.databind.ser.impl,SerializerAndMapResult,2,2,1,1,11,1,0,0,0.0,9,2
java,com.fasterxml.jackson.databind.ser.impl,TypeAndSerializer,2,2,1,1,11,1,0,0,0.0,2,1
java,com.fasterxml.jackson.databind.ser.impl,Empty,2,2,3,2,16,3,0,1,1.0,2,2
java,com.fasterxml.jackson.databind.ser.impl,Single,2,0,3,3,21,4,0,1,0.0,0,2
java,com.fasterxml.jackson.databind.ser.impl,Double,4,0,3,3,27,5,0,1,0.0,1,2
java,com.fasterxml.jackson.databind.ser.impl,Multi,2,0,3,3,51,18,0,1,0.0,0,3
java,com.fasterxml.jackson.databind.ser.impl,FailingSerializer,1,0,2,2,13,2,0,3,0.0,0,1
java,com.fasterxml.jackson.databind.ser.impl,FilteredBeanPropertyWriter,6,0,16,13,104,26,0,0,0.1875,1,5
java,com.fasterxml.jackson.databind.ser.impl,SingleView,3,0,7,6,43,10,0,5,0.0,0,5
java,com.fasterxml.jackson.databind.ser.impl,MultiView,3,0,8,6,50,14,0,5,0.0,0,5
java,com.fasterxml.jackson.databind.ser.impl,PropertyBasedObjectIdGenerator,2,0,7,6,46,10,0,0,0.5714285714285714,1,3
java,com.fasterxml.jackson.databind.ser.impl,IteratorSerializer,0,0,9,8,78,19,0,5,-1.0,1,7
java,com.fasterxml.jackson.databind.ser.impl,AttributePropertyWriter,2,0,6,2,31,6,0,6,0.6666666666666666,2,7
java,com.fasterxml.jackson.databind.ser.impl,StringCollectionSerializer,1,1,8,3,56,12,0,4,0.75,2,5
java,com.fasterxml.jackson.databind.ser.impl,MapEntrySerializer,12,1,16,11,291,55,0,4,0.25,2,12
java,com.fasterxml.jackson.databind.ser.std,ByteArraySerializer,1,0,6,6,34,7,0,3,1.0,0,6
java,com.fasterxml.jackson.databind.ser.std,ByteBufferSerializer,0,0,3,3,25,6,0,4,-1.0,0,4
java,com.fasterxml.jackson.databind.ser.std,ToStringSerializer,1,1,3,3,25,3,0,4,1.0,6,1
java,com.fasterxml.jackson.databind.ser.std,AtomicReferenceSerializer,1,0,7,2,24,7,0,4,1.0,2,6
java,com.fasterxml.jackson.databind.ser.std,EnumSetSerializer,0,0,8,8,44,12,0,5,-1.0,1,6
java,com.fasterxml.jackson.databind.ser.std,AsArraySerializerBase,7,0,17,9,183,35,5,4,0.23529411764705882,1,14
java,com.fasterxml.jackson.databind.ser.std,SqlDateSerializer,0,0,5,3,28,7,0,5,-1.0,0,1
java,com.fasterxml.jackson.databind.ser.std,BeanSerializerBase,10,0,33,10,619,120,3,3,0.12121212121212122,4,27
java,com.fasterxml.jackson.databind.ser.std,BooleanSerializer,4,0,11,11,76,16,0,4,0.6363636363636364,0,5
java,com.fasterxml.jackson.databind.ser.std,AsNumber,2,0,5,5,34,7,0,4,0.8,0,5
java,com.fasterxml.jackson.databind.ser.std,InetAddressSerializer,1,0,5,5,57,11,0,4,0.4,0,3
java,com.fasterxml.jackson.databind.ser.std,StdKeySerializers,14,0,18,14,243,52,0,0,0.4444444444444444,1,12
java,com.fasterxml.jackson.databind.ser.std,Default,9,0,2,2,62,12,0,3,0.0,2,1
java,com.fasterxml.jackson.databind.ser.std,Dynamic,1,0,5,3,38,8,0,3,0.4,0,6
java,com.fasterxml.jackson.databind.ser.std,StringKeySerializer,0,0,2,2,11,2,0,3,-1.0,0,1
java,com.fasterxml.jackson.databind.ser.std,EnumKeySerializer,2,0,5,3,47,8,0,3,0.6,1,2
java,com.fasterxml.jackson.databind.ser.std,StdArraySerializers,7,0,81,74,398,96,0,0,0.9382716049382716,2,14
java,com.fasterxml.jackson.databind.ser.std,TypedPrimitiveArraySerializer,0,0,3,1,14,3,3,5,-1.0,2,3
java,com.fasterxml.jackson.databind.ser.std,BooleanArraySerializer,1,0,12,11,56,14,0,5,0.9166666666666666,2,7
java,com.fasterxml.jackson.databind.ser.std,ShortArraySerializer,1,0,11,11,49,13,0,6,0.9090909090909091,2,6
java,com.fasterxml.jackson.databind.ser.std,CharArraySerializer,0,0,7,6,51,10,0,3,-1.0,0,5
java,com.fasterxml.jackson.databind.ser.std,IntArraySerializer,1,0,12,11,55,14,0,5,0.9166666666666666,2,6
java,com.fasterxml.jackson.databind.ser.std,LongArraySerializer,1,0,11,11,46,13,0,6,0.9090909090909091,2,5
java,com.fasterxml.jackson.databind.ser.std,FloatArraySerializer,1,0,11,11,48,13,0,6,0.9090909090909091,2,5
java,com.fasterxml.jackson.databind.ser.std,DoubleArraySerializer,1,0,12,11,55,14,0,5,0.9166666666666666,2,6
java,com.fasterxml.jackson.databind.ser.std,FileSerializer,0,0,4,4,20,4,0,4,-1.0,1,3
java,com.fasterxml.jackson.databind.ser.std,InetSocketAddressSerializer,0,0,3,3,27,5,0,4,-1.0,0,2
java,com.fasterxml.jackson.databind.ser.std,StdSerializer,3,0,30,7,306,62,24,2,0.5666666666666667,2,18
java,com.fasterxml.jackson.databind.ser.std,IterableSerializer,0,0,8,8,74,19,0,5,-1.0,1,6
java,com.fasterxml.jackson.databind.ser.std,ToEmptyObjectSerializer,0,0,7,6,32,7,1,3,-1.0,0,4
java,com.fasterxml.jackson.databind.ser.std,ArraySerializerBase,2,0,11,4,91,17,6,4,0.0,1,4
java,com.fasterxml.jackson.databind.ser.std,StdKeySerializer,0,0,2,2,12,2,0,3,-1.0,0,1
java,com.fasterxml.jackson.databind.ser.std,ReferenceTypeSerializer,10,1,18,10,295,63,1,3,0.0,1,14
java,com.fasterxml.jackson.databind.ser.std,TokenBufferSerializer,0,0,5,5,28,5,0,3,-1.0,0,5
java,com.fasterxml.jackson.databind.ser.std,NumberSerializers,6,0,21,19,140,26,0,0,0.8571428571428571,0,10
java,com.fasterxml.jackson.databind.ser.std,Base,3,0,4,3,42,8,6,4,0.5,0,6
java,com.fasterxml.jackson.databind.ser.std,ShortSerializer,1,0,2,2,9,2,0,5,1.0,2,2
java,com.fasterxml.jackson.databind.ser.std,IntegerSerializer,0,0,3,3,14,3,0,5,-1.0,0,2
java,com.fasterxml.jackson.databind.ser.std,IntLikeSerializer,1,0,2,2,12,2,0,5,1.0,2,2
java,com.fasterxml.jackson.databind.ser.std,LongSerializer,0,0,2,2,8,2,0,5,-1.0,0,1
java,com.fasterxml.jackson.databind.ser.std,FloatSerializer,1,0,2,2,9,2,0,5,1.0,2,2
java,com.fasterxml.jackson.databind.ser.std,DoubleSerializer,0,0,4,4,25,5,0,5,-1.0,0,2
java,com.fasterxml.jackson.databind.ser.std,DateSerializer,1,1,5,4,28,6,0,5,0.8,3,2
java,com.fasterxml.jackson.databind.ser.std,SqlTimeSerializer,0,0,4,4,17,4,0,4,-1.0,0,3
java,com.fasterxml.jackson.databind.ser.std,ToStringSerializerBase,0,0,7,7,33,7,2,3,-1.0,0,4
java,com.fasterxml.jackson.databind.ser.std,DateTimeSerializerBase,3,0,11,6,121,27,3,4,0.45454545454545453,0,5
java,com.fasterxml.jackson.databind.ser.std,StdJdkSerializers,0,0,13,13,76,13,0,0,-1.0,0,9
java,com.fasterxml.jackson.databind.ser.std,AtomicBooleanSerializer,0,0,4,4,17,4,0,4,-1.0,1,3
java,com.fasterxml.jackson.databind.ser.std,AtomicIntegerSerializer,0,0,4,4,17,4,0,4,-1.0,1,3
java,com.fasterxml.jackson.databind.ser.std,AtomicLongSerializer,0,0,4,4,17,4,0,4,-1.0,1,3
java,com.fasterxml.jackson.databind.ser.std,StringSerializer,1,0,6,6,28,6,0,4,1.0,0,4
java,com.fasterxml.jackson.databind.ser.std,SerializableSerializer,1,1,5,4,24,6,0,3,1.0,2,6
java,com.fasterxml.jackson.databind.ser.std,RawSerializer,0,0,5,5,28,5,0,3,-1.0,0,4
java,com.fasterxml.jackson.databind.ser.std,EnumSerializer,4,0,11,8,152,30,0,4,0.2727272727272727,3,14
java,com.fasterxml.jackson.databind.ser.std,MapSerializer,18,1,41,26,883,166,0,4,0.14634146341463414,4,22
java,com.fasterxml.jackson.databind.ser.std,CalendarSerializer,1,1,5,4,25,6,0,5,0.8,4,2
java,com.fasterxml.jackson.databind.ser.std,ClassSerializer,0,0,4,4,20,4,0,4,-1.0,1,3
java,com.fasterxml.jackson.databind.ser.std,UUIDSerializer,2,0,11,5,100,18,0,4,0.45454545454545453,1,5
java,com.fasterxml.jackson.databind.ser.std,StaticListSerializerBase,1,0,10,6,72,18,2,3,0.5,1,10
java,com.fasterxml.jackson.databind.ser.std,NonTypedScalarSerializerBase,0,0,3,1,14,3,0,4,-1.0,0,2
java,com.fasterxml.jackson.databind.ser.std,NumberSerializer,4,1,11,10,114,24,0,4,0.6363636363636364,4,7
java,com.fasterxml.jackson.databind.ser.std,BigDecimalAsStringSerializer,1,0,5,4,31,7,0,4,0.8,2,2
java,com.fasterxml.jackson.databind.ser.std,MapProperty,8,0,18,18,95,22,0,4,0.16666666666666666,1,6
java,com.fasterxml.jackson.databind.ser.std,ObjectArraySerializer,5,0,18,16,233,47,0,5,0.16666666666666666,1,12
java,com.fasterxml.jackson.databind.ser.std,StdDelegatingSerializer,3,0,16,12,138,30,0,3,0.0,0,8
java,com.fasterxml.jackson.databind.ser.std,TimeZoneSerializer,0,0,3,3,13,3,0,4,-1.0,0,2
java,com.fasterxml.jackson.databind.ser.std,StdScalarSerializer,0,0,6,3,36,6,21,3,-1.0,1,5
java,com.fasterxml.jackson.databind.ser.std,NullSerializer,1,1,5,4,27,5,0,3,1.0,3,5
java,com.fasterxml.jackson.databind.ser.std,JsonValueSerializer,9,0,37,32,322,63,0,3,0.10810810810810811,1,16
java,com.fasterxml.jackson.databind.ser.std,TypeSerializerRerouter,2,0,22,22,75,22,0,1,0.09090909090909091,1,2
java,com.fasterxml.jackson.databind.ser.std,CollectionSerializer,1,0,10,10,119,23,0,5,0.8,1,7
java,com.fasterxml.jackson.databind.cfg,SerializerFactoryConfig,6,0,11,10,70,14,0,0,0.18181818181818182,2,2
java,com.fasterxml.jackson.databind.cfg,MapperConfig,5,0,60,56,379,70,1,1,0.4666666666666667,53,14
java,com.fasterxml.jackson.databind.cfg,ContextAttributes,5,0,16,12,119,28,1,0,0.5625,9,1
java,com.fasterxml.jackson.databind.cfg,Impl,5,0,10,6,99,22,0,1,0.2,2,1
java,com.fasterxml.jackson.databind.cfg,MutableConfigOverride,1,0,11,10,66,11,0,1,1.0,2,1
java,com.fasterxml.jackson.databind.cfg,ConfigOverride,9,0,12,9,105,12,2,0,0.3333333333333333,5,2
java,com.fasterxml.jackson.databind.cfg,Empty,1,0,1,0,9,1,0,1,0.0,2,1
java,com.fasterxml.jackson.databind.cfg,ConstructorDetector,8,4,11,9,102,15,0,0,0.18181818181818182,5,2
java,com.fasterxml.jackson.databind.cfg,MapperConfigBase,11,0,69,54,562,93,2,2,0.13043478260869565,1,24
java,com.fasterxml.jackson.databind.cfg,ConfigFeature,0,0,3,3,18,3,0,0,-1.0,0,0
java,com.fasterxml.jackson.databind.cfg,MapperBuilder,1,0,83,80,499,98,1,0,0.04819277108433735,1,22
java,com.fasterxml.jackson.databind.cfg,DatatypeFeatures,8,0,15,11,216,41,0,0,0.3333333333333333,7,3
java,com.fasterxml.jackson.databind.cfg,DefaultHolder,1,0,2,1,21,4,0,0,1.0,1,1
java,com.fasterxml.jackson.databind.cfg,BaseSettings,14,0,31,30,234,45,0,0,0.06451612903225806,5,11
java,com.fasterxml.jackson.databind.cfg,MutableCoercionConfig,1,0,5,4,23,5,0,1,1.0,2,1
java,com.fasterxml.jackson.databind.cfg,DeserializerFactoryConfig,11,0,17,16,132,22,0,0,0.11764705882352941,2,5
java,com.fasterxml.jackson.databind.cfg,CoercionConfig,4,0,4,3,26,4,1,0,0.0,1,1
java,com.fasterxml.jackson.databind.cfg,ConfigOverrides,7,0,18,15,159,28,0,0,0.16666666666666666,4,4
java,com.fasterxml.jackson.databind.cfg,HandlerInstantiator,0,0,12,12,89,12,0,0,-1.0,12,5
java,com.fasterxml.jackson.databind.cfg,CoercionConfigs,6,0,10,7,206,48,0,0,0.2,3,3
java,com.fasterxml.jackson.databind.cfg,DatatypeFeature,0,0,1,1,10,1,0,0,-1.0,12,0
java,com.fasterxml.jackson.databind.jsontype,TypeSerializer,0,0,25,24,183,30,2,0,-1.0,80,1
java,com.fasterxml.jackson.databind.jsontype,DefaultBaseTypeLimitingValidator,3,1,6,4,53,7,0,1,0.6666666666666666,0,3
java,com.fasterxml.jackson.databind.jsontype,UnsafeBaseTypes,2,1,1,1,17,1,0,0,0.0,2,1
java,com.fasterxml.jackson.databind.jsontype,BasicPolymorphicTypeValidator,9,0,29,24,234,44,0,2,0.7241379310344828,0,5
java,com.fasterxml.jackson.databind.jsontype,TypeMatcher,0,0,1,1,6,1,0,0,-1.0,2,1
java,com.fasterxml.jackson.databind.jsontype,NameMatcher,0,0,1,1,6,1,0,0,-1.0,2,1
java,com.fasterxml.jackson.databind.jsontype,Builder,4,0,22,18,153,26,0,0,0.4090909090909091,0,3
java,com.fasterxml.jackson.databind.jsontype,PolymorphicTypeValidator,2,0,6,6,58,6,2,0,1.0,11,2
java,com.fasterxml.jackson.databind.jsontype,Base,1,0,3,3,15,3,2,1,1.0,0,2
java,com.fasterxml.jackson.databind.jsontype,TypeResolverBuilder,0,0,9,9,58,9,1,0,-1.0,11,4
java,com.fasterxml.jackson.databind.jsontype,TypeIdResolver,0,0,7,7,36,7,1,0,-1.0,18,2
java,com.fasterxml.jackson.databind.jsontype,SubtypeResolver,0,0,10,10,66,10,1,0,-1.0,5,6
java,com.fasterxml.jackson.databind.jsontype,TypeDeserializer,0,0,12,12,87,23,1,0,-1.0,52,4
java,com.fasterxml.jackson.databind.jsontype,NamedType,4,0,9,9,45,12,0,0,0.2222222222222222,8,1
java,com.fasterxml.jackson.databind.jsontype.impl,AsArrayTypeDeserializer,1,0,11,8,93,19,2,2,0.45454545454545453,1,6
java,com.fasterxml.jackson.databind.jsontype.impl,AsExistingPropertyTypeSerializer,0,0,3,3,14,3,0,4,-1.0,0,2
java,com.fasterxml.jackson.databind.jsontype.impl,AsWrapperTypeDeserializer,1,0,9,7,73,16,0,2,0.5555555555555556,1,6
java,com.fasterxml.jackson.databind.jsontype.impl,StdTypeResolverBuilder,6,0,23,14,254,63,1,1,0.13043478260869565,2,16
java,com.fasterxml.jackson.databind.jsontype.impl,AsWrapperTypeSerializer,0,0,5,3,26,6,0,2,-1.0,0,3
java,com.fasterxml.jackson.databind.jsontype.impl,AsArrayTypeSerializer,0,0,3,3,14,3,1,2,-1.0,0,2
java,com.fasterxml.jackson.databind.jsontype.impl,TypeIdResolverBase,2,0,6,4,31,6,2,1,0.8333333333333334,0,3
java,com.fasterxml.jackson.databind.jsontype.impl,TypeSerializerBase,2,0,10,5,62,16,4,1,0.4,0,2
java,com.fasterxml.jackson.databind.jsontype.impl,StdSubtypeResolver,2,0,13,9,203,53,0,1,0.38461538461538464,1,8
java,com.fasterxml.jackson.databind.jsontype.impl,AsDeductionTypeSerializer,1,0,6,5,37,10,0,2,1.0,2,2
java,com.fasterxml.jackson.databind.jsontype.impl,AsPropertyTypeSerializer,1,0,4,4,19,4,1,3,0.5,0,2
java,com.fasterxml.jackson.databind.jsontype.impl,ClassNameIdResolver,2,0,11,8,79,21,1,2,0.6363636363636364,1,7
java,com.fasterxml.jackson.databind.jsontype.impl,AsExternalTypeSerializer,1,0,10,4,44,13,0,2,0.5,0,2
java,com.fasterxml.jackson.databind.jsontype.impl,MinimalClassNameIdResolver,2,0,5,3,49,9,0,3,0.6,1,5
java,com.fasterxml.jackson.databind.jsontype.impl,AsDeductionTypeDeserializer,4,0,6,4,87,21,0,4,0.3333333333333333,1,8
java,com.fasterxml.jackson.databind.jsontype.impl,TypeDeserializerBase,9,0,17,9,177,31,2,1,0.17647058823529413,1,7
java,com.fasterxml.jackson.databind.jsontype.impl,SubTypeValidator,5,0,3,2,162,11,0,0,1.0,2,4
java,com.fasterxml.jackson.databind.jsontype.impl,TypeNameIdResolver,4,0,11,7,118,28,0,2,0.18181818181818182,2,5
java,com.fasterxml.jackson.databind.jsontype.impl,LaissezFaireSubTypeValidator,2,1,3,3,17,3,0,2,1.0,6,4
java,com.fasterxml.jackson.databind.jsontype.impl,AsExternalTypeDeserializer,1,0,5,4,27,6,0,3,1.0,1,4
java,com.fasterxml.jackson.databind.jsontype.impl,AsPropertyTypeDeserializer,4,0,11,8,142,33,1,3,0.36363636363636365,1,7
java,com.fasterxml.jackson.databind.util,PrimitiveArrayBuilder,10,0,12,9,112,18,7,0,0.3333333333333333,0,1
java,com.fasterxml.jackson.databind.util,Node,3,0,5,5,35,6,0,0,0.4,2,1
java,com.fasterxml.jackson.databind.util,TokenBufferReadContext,4,0,16,11,99,20,0,0,0.375,3,1
java,com.fasterxml.jackson.databind.util,JSONWrappedObject,4,0,8,8,63,12,0,1,0.25,0,3
java,com.fasterxml.jackson.databind.util,ByteBufferBackedOutputStream,1,0,3,3,15,3,0,0,0.0,0,0
java,com.fasterxml.jackson.databind.util,ISO8601DateFormat,1,0,5,5,31,5,0,0,1.0,0,1
java,com.fasterxml.jackson.databind.util,ArrayBuilders,7,0,26,26,173,54,0,0,1.0,14,8
java,com.fasterxml.jackson.databind.util,BooleanBuilder,0,0,2,2,7,2,0,1,-1.0,3,0
java,com.fasterxml.jackson.databind.util,ByteBuilder,0,0,2,2,7,2,0,1,-1.0,3,0
java,com.fasterxml.jackson.databind.util,ShortBuilder,0,0,2,2,7,2,0,1,-1.0,3,0
java,com.fasterxml.jackson.databind.util,IntBuilder,0,0,2,2,7,2,0,1,-1.0,3,0
java,com.fasterxml.jackson.databind.util,LongBuilder,0,0,2,2,7,2,0,1,-1.0,3,0
java,com.fasterxml.jackson.databind.util,FloatBuilder,0,0,2,2,7,2,0,1,-1.0,3,0
java,com.fasterxml.jackson.databind.util,DoubleBuilder,0,0,2,2,7,2,0,1,-1.0,3,0
java,com.fasterxml.jackson.databind.util,NativeImageUtil,1,0,4,2,39,7,0,0,0.5,6,2
java,com.fasterxml.jackson.databind.util,ByteBufferBackedInputStream,1,0,4,4,21,5,0,0,0.0,0,0
java,com.fasterxml.jackson.databind.util,JSONPObject,3,0,7,7,65,11,0,1,0.2857142857142857,0,3
java,com.fasterxml.jackson.databind.util,LinkedNode,2,0,5,5,40,8,0,0,0.0,4,1
java,com.fasterxml.jackson.databind.util,StdDateFormat,18,2,41,22,513,89,0,0,0.12195121951219512,5,1
java,com.fasterxml.jackson.databind.util,Converter,0,0,3,3,30,3,3,0,-1.0,10,1
java,com.fasterxml.jackson.databind.util,None,0,0,0,0,6,0,0,1,-1.0,0,0
java,com.fasterxml.jackson.databind.util,Annotations,0,0,4,4,21,4,4,0,-1.0,16,0
java,com.fasterxml.jackson.databind.util,EnumValues,5,0,12,11,123,24,0,0,0.25,4,5
java,com.fasterxml.jackson.databind.util,ExceptionUtil,0,0,5,2,40,8,0,0,-1.0,4,1
java,com.fasterxml.jackson.databind.util,ObjectBuffer,6,0,11,9,136,22,0,0,0.18181818181818182,5,1
java,com.fasterxml.jackson.databind.util,NameTransformer,5,1,20,19,117,32,2,0,0.75,29,1
java,com.fasterxml.jackson.databind.util,NopTransformer,1,0,2,2,9,2,0,1,1.0,0,0
java,com.fasterxml.jackson.databind.util,Chained,3,0,4,4,21,5,0,1,0.0,0,1
java,com.fasterxml.jackson.databind.util,RawValue,1,0,12,10,78,20,0,1,0.0,6,5
java,com.fasterxml.jackson.databind.util,TypeKey,4,0,18,18,101,24,0,0,0.2222222222222222,3,2
java,com.fasterxml.jackson.databind.util,IgnorePropertiesUtil,3,0,6,5,74,15,0,0,0.8333333333333334,10,1
java,com.fasterxml.jackson.databind.util,Checker,3,0,3,2,21,4,0,0,0.6666666666666666,3,0
java,com.fasterxml.jackson.databind.util,ArrayIterator,2,0,5,5,26,6,0,0,0.6,0,0
java,com.fasterxml.jackson.databind.util,TokenBuffer,34,1,159,130,1554,361,0,0,0.2830188679245283,15,6
java,com.fasterxml.jackson.databind.util,Parser,11,0,50,42,431,118,0,0,0.18,1,3
java,com.fasterxml.jackson.databind.util,Segment,6,1,19,10,152,32,0,0,0.10526315789473684,3,1
java,com.fasterxml.jackson.databind.util,StdConverter,0,0,4,3,21,5,0,1,-1.0,0,2
java,com.fasterxml.jackson.databind.util,RootNameLookup,2,0,4,3,38,6,0,0,0.75,4,8
java,com.fasterxml.jackson.databind.util,LRUMap,4,0,8,7,40,9,0,1,0.0,5,1
java,com.fasterxml.jackson.databind.util,ClassUtil,13,1,92,85,1030,201,0,0,0.5108695652173914,109,7
java,com.fasterxml.jackson.databind.util,EnumTypeLocator,5,0,5,2,63,9,0,0,0.0,2,1
java,com.fasterxml.jackson.databind.util,Ctor,4,1,6,6,43,9,0,0,0.0,1,0
java,com.fasterxml.jackson.databind.util,ISO8601Utils,2,0,8,5,229,36,0,0,0.0,2,1
java,com.fasterxml.jackson.databind.util,EnumResolver,7,0,27,15,254,47,0,0,0.07407407407407407,6,6
java,com.fasterxml.jackson.databind.util,SimpleBeanPropertyDefinition,5,0,30,29,173,40,0,2,0.23333333333333334,3,8
java,com.fasterxml.jackson.databind.util,CompactStringObjectMap,5,0,7,4,116,27,0,0,0.2857142857142857,2,1
java,com.fasterxml.jackson.databind.util,BeanUtil,0,0,15,10,203,42,0,0,-1.0,8,4
java,com.fasterxml.jackson.databind.util,LookupCache,0,0,5,0,22,5,1,0,-1.0,1,0
java,com.fasterxml.jackson.databind.util,Named,0,0,1,1,6,1,2,0,-1.0,1,0
java,com.fasterxml.jackson.databind.util,ViewMatcher,6,0,6,6,48,11,2,0,0.6666666666666666,2,1
java,com.fasterxml.jackson.databind.util,Single,2,0,2,2,10,2,0,1,0.0,0,0
java,com.fasterxml.jackson.databind.util,Multi,2,0,2,2,16,4,0,1,0.0,0,0
java,com.fasterxml.jackson.databind.util.internal,LinkedDeque,3,0,47,35,296,65,0,0,0.1702127659574468,1,0
java,com.fasterxml.jackson.databind.util.internal,AbstractLinkedIterator,1,0,5,3,28,6,0,0,0.4,0,0
java,com.fasterxml.jackson.databind.util.internal,Linked,0,0,4,0,21,4,1,0,-1.0,0,0
java,com.fasterxml.jackson.databind.util.internal,PrivateMaxEntriesMap,53,0,97,56,868,149,0,0,0.12371134020618557,9,5
java,com.fasterxml.jackson.databind.util.internal,AddTask,2,0,2,1,18,3,0,0,0.0,0,1
java,com.fasterxml.jackson.databind.util.internal,RemovalTask,1,0,2,1,13,2,0,0,0.0,0,1
java,com.fasterxml.jackson.databind.util.internal,UpdateTask,2,0,2,1,16,2,0,0,0.0,0,1
java,com.fasterxml.jackson.databind.util.internal,WeightedValue,2,0,3,0,20,3,0,0,0.0,2,0
java,com.fasterxml.jackson.databind.util.internal,Node,3,0,6,4,33,6,0,1,0.6666666666666666,9,2
java,com.fasterxml.jackson.databind.util.internal,KeySet,1,0,7,7,27,7,0,0,0.42857142857142855,0,1
java,com.fasterxml.jackson.databind.util.internal,KeyIterator,2,0,3,3,19,3,0,0,0.0,0,1
java,com.fasterxml.jackson.databind.util.internal,Values,0,0,4,4,17,4,0,0,-1.0,0,0
java,com.fasterxml.jackson.databind.util.internal,ValueIterator,2,0,3,3,19,3,0,0,0.0,0,2
java,com.fasterxml.jackson.databind.util.internal,EntrySet,1,0,6,6,33,8,0,0,0.5,0,2
java,com.fasterxml.jackson.databind.util.internal,EntryIterator,2,0,3,3,19,3,0,0,0.0,0,2
java,com.fasterxml.jackson.databind.util.internal,WriteThroughEntry,1,0,3,1,16,3,0,0,1.0,0,1
java,com.fasterxml.jackson.databind.util.internal,SerializationProxy,4,0,2,0,19,2,0,0,0.0,0,1
java,com.fasterxml.jackson.databind.util.internal,Builder,5,0,5,5,53,5,0,0,0.0,1,1
java,com.fasterxml.jackson.databind.type,ArrayType,3,0,26,23,129,34,0,2,0.34615384615384615,14,3
java,com.fasterxml.jackson.databind.type,ResolvedRecursiveType,2,0,17,16,81,23,0,3,0.6470588235294118,3,2
java,com.fasterxml.jackson.databind.type,SimpleType,1,0,23,15,177,46,1,2,0.9130434782608695,2,5
java,com.fasterxml.jackson.databind.type,TypeModifier,0,0,1,1,14,1,0,0,-1.0,4,3
java,com.fasterxml.jackson.databind.type,TypeBase,7,0,19,13,175,44,5,1,0.3684210526315789,7,6
java,com.fasterxml.jackson.databind.type,TypeFactory,24,0,76,47,979,201,0,0,0.14473684210526316,36,17
java,com.fasterxml.jackson.databind.type,MapType,1,0,16,13,77,20,0,3,1.0,12,3
java,com.fasterxml.jackson.databind.type,MapLikeType,3,0,29,25,174,43,1,2,0.2413793103448276,14,4
java,com.fasterxml.jackson.databind.type,ClassStack,3,0,7,6,59,14,0,0,0.42857142857142855,2,3
java,com.fasterxml.jackson.databind.type,PlaceholderForType,3,0,17,14,65,17,0,3,0.23529411764705882,0,3
java,com.fasterxml.jackson.databind.type,CollectionLikeType,2,0,26,22,147,36,1,2,0.3076923076923077,14,4
java,com.fasterxml.jackson.databind.type,CollectionType,1,0,13,10,68,16,0,3,1.0,12,3
java,com.fasterxml.jackson.databind.type,ReferenceType,3,0,24,20,146,37,0,3,0.2916666666666667,13,4
java,com.fasterxml.jackson.databind.type,ClassKey,4,0,7,7,43,10,0,0,0.0,4,1
java,com.fasterxml.jackson.databind.type,TypeParser,5,0,13,9,99,22,0,0,0.15384615384615385,1,5
java,com.fasterxml.jackson.databind.type,MyTokenizer,3,0,6,6,34,7,0,0,0.0,1,0
java,com.fasterxml.jackson.databind.type,IdentityEqualityType,1,0,3,2,16,3,2,2,1.0,0,2
java,com.fasterxml.jackson.databind.type,TypeBindings,19,0,30,26,342,80,0,0,0.16666666666666666,21,6
java,com.fasterxml.jackson.databind.type,TypeParamStash,8,0,2,2,43,10,0,0,1.0,1,0
java,com.fasterxml.jackson.databind.type,AsKey,3,0,4,4,39,11,0,0,0.0,2,1
java,com.fasterxml.jackson.databind.jsonschema,SchemaAware,0,0,2,2,21,2,1,0,-1.0,0,1
java,com.fasterxml.jackson.databind.jsonschema,JsonSchema,1,0,6,6,47,10,0,0,0.3333333333333333,5,3
