,arquivos_criticos,qtd_dependentes_e_cochange,dependentes_e_cochange
0,AbstractInputFormat.java,0,[]
1,Accumulo.java,2,"['Merge.java', 'ClientInfo.java']"
2,AccumuloClassLoader.java,0,[]
3,AccumuloConfiguration.java,39,"['Fate.java', 'ZooReaderWriter.java', 'Merge.java', 'ConfigurationImpl.java', 'CompactionServicesConfig.java', 'SharedRateLimiterFactory.java', 'ThreadPools.java', 'LocalityGroupUtil.java', 'BlockCacheManagerFactory.java', 'BlockCacheConfiguration.java', 'ScanCacheProvider.java', 'GenerateSplits.java', 'RFileOperations.java', 'SplitLarge.java', 'BloomFilterLayer.java', 'FileOperations.java', 'RFileScanner.java', 'RFileWriterBuilder.java', 'CryptoFactoryLoader.java', 'ClassLoaderUtil.java', 'SystemIteratorUtil.java', 'DeletingIterator.java', 'IteratorConfigUtil.java', 'TraceUtil.java', 'VolumeConfiguration.java', 'SamplerFactory.java', 'SamplerConfigurationImpl.java', 'MetricsUtil.java', 'BulkImport.java', 'ClientContext.java', 'ClientConfConverter.java', 'TableOperationsImpl.java', 'OfflineIterator.java', 'SaslConnectionParams.java', 'SslConnectionParams.java', 'Gatherer.java', 'SummarizerConfigurationUtil.java', 'SummaryWriter.java', 'SummarizerFactory.java']"
4,AccumuloException.java,40,"['LocalityGroupUtil.java', 'InstanceOperations.java', 'NamespaceOperations.java', 'NewTableConfiguration.java', 'SecurityOperations.java', 'SummaryRetriever.java', 'TableOperations.java', 'MetadataServicer.java', 'MetadataLocationObtainer.java', 'TableMetadataServicer.java', 'SyncingTabletLocator.java', 'SecurityOperationsImpl.java', 'NamespaceOperationsHelper.java', 'ThriftScanner.java', 'TabletServerBatchReaderIterator.java', 'ConditionalWriterImpl.java', 'AccumuloBulkMergeException.java', 'NamespaceOperationsImpl.java', 'TabletLocator.java', 'ScannerIterator.java', 'BulkImport.java', 'Writer.java', 'InstanceOperationsImpl.java', 'ClientContext.java', 'TabletLocatorImpl.java', 'TabletServerBatchWriter.java', 'TableOperationsHelper.java', 'TableOperationsImpl.java', 'OfflineIterator.java', 'AccumuloServerException.java', 'TimeoutTabletLocator.java', 'ManagerThriftClient.java', 'ClientServiceThriftClient.java', 'TServerClient.java', 'ThriftClientTypes.java', 'TabletServerThriftClient.java', 'Gatherer.java', 'SimpleLoadBalancer.java', 'HostRegexTableLoadBalancer.java', 'BalancerEnvironment.java']"
5,AccumuloFileOutputFormat.java,0,[]
6,AccumuloFileOutputFormatIT.java,0,[]
7,AccumuloInputFormat.java,0,[]
8,AccumuloInputFormatIT.java,0,[]
9,AccumuloMultiTableInputFormat.java,0,[]
10,AccumuloMultiTableInputFormatIT.java,0,[]
11,AccumuloOutputFormat.java,0,[]
12,AccumuloOutputFormatIT.java,0,[]
13,AccumuloProxy.java,0,[]
14,AccumuloRecordReader.java,0,[]
15,AccumuloReloadingVFSClassLoader.java,0,[]
16,AccumuloReplicaSystem.java,0,[]
17,AccumuloRowInputFormat.java,0,[]
18,AccumuloRowInputFormatIT.java,0,[]
19,AccumuloSecurityException.java,36,"['InstanceOperations.java', 'NamespaceOperations.java', 'SecurityOperations.java', 'SummaryRetriever.java', 'TableOperations.java', 'MetadataServicer.java', 'MetadataLocationObtainer.java', 'SyncingTabletLocator.java', 'SecurityOperationsImpl.java', 'NamespaceOperationsHelper.java', 'Credentials.java', 'ThriftScanner.java', 'TabletServerBatchReaderIterator.java', 'ConditionalWriterImpl.java', 'NamespaceOperationsImpl.java', 'TabletLocator.java', 'ScannerIterator.java', 'BulkImport.java', 'Writer.java', 'InstanceOperationsImpl.java', 'ClientContext.java', 'TabletLocatorImpl.java', 'TabletServerBatchWriter.java', 'TableOperationsHelper.java', 'TableOperationsImpl.java', 'OfflineIterator.java', 'TimeoutTabletLocator.java', 'ManagerThriftClient.java', 'ClientServiceThriftClient.java', 'TServerClient.java', 'ThriftClientTypes.java', 'TabletServerThriftClient.java', 'Gatherer.java', 'SimpleLoadBalancer.java', 'HostRegexTableLoadBalancer.java', 'BalancerEnvironment.java']"
20,AccumuloVFSClassLoader.java,0,[]
21,ActiveCompaction.java,2,"['InstanceOperationsImpl.java', 'ActiveCompactionImpl.java']"
22,ActiveScan.java,2,"['InstanceOperationsImpl.java', 'ActiveScanImpl.java']"
23,Admin.java,0,[]
24,AdminUtil.java,0,[]
25,AgeOffFilter.java,0,[]
26,AgeOffStore.java,0,[]
27,AggregatingIterator.java,0,[]
28,AlterTablePerm.java,0,[]
29,AsyncSpanReceiver.java,0,[]
30,AuditMessageIT.java,0,[]
31,AuditedSecurityOperation.java,0,[]
32,Authorizations.java,33,"['ClientSideIteratorScanner.java', 'RFileScanner.java', 'RFile.java', 'RFileScannerBuilder.java', 'SecurityOperations.java', 'TableOperations.java', 'ActiveScan.java', 'ScannerBase.java', 'ConditionalWriterConfig.java', 'AccumuloClient.java', 'VisibilityFilter.java', 'SystemIteratorUtil.java', 'ClientOpts.java', 'VisibilityFilter.java', 'TransformingIterator.java', 'IteratorEnvironment.java', 'MetadataLocationObtainer.java', 'TableMetadataServicer.java', 'TabletsMetadata.java', 'SecurityOperationsImpl.java', 'ThriftScanner.java', 'TabletServerBatchReaderIterator.java', 'ConditionalWriterImpl.java', 'ScannerIterator.java', 'TabletServerBatchReader.java', 'ScannerImpl.java', 'ClientContext.java', 'TabletServerBatchDeleter.java', 'ActiveScanImpl.java', 'ScannerOptions.java', 'TableOperationsImpl.java', 'OfflineIterator.java', 'OfflineScanner.java']"
33,BCFile.java,5,"['CachableBlockFile.java', 'RFileOperations.java', 'RFile.java', 'SplitLarge.java', 'MultiLevelIndex.java']"
34,BasicServlet.java,0,[]
35,BatchInputSplit.java,0,[]
36,BatchWriterConfig.java,5,"['MultiTableBatchWriterImpl.java', 'ClientContext.java', 'BatchWriterImpl.java', 'TabletServerBatchDeleter.java', 'TabletServerBatchWriter.java']"
37,BloomFilterIT.java,0,[]
38,BloomFilterLayer.java,0,[]
39,BulkImport.java,1,['TableOperationsImpl.java']
40,BulkImporter.java,0,[]
41,BulkIngestExample.java,0,[]
42,CachableBlockFile.java,3,"['RFile.java', 'MultiLevelIndex.java', 'SummaryReader.java']"
43,CertUtils.java,0,[]
44,ChangePass.java,0,[]
45,ChangeSecret.java,0,[]
46,CheckForMetadataProblems.java,0,[]
47,CleanUp.java,0,[]
48,ClientConfiguration.java,0,[]
49,ClientContext.java,26,"['Merge.java', 'MonitorUtil.java', 'ExternalCompactionUtil.java', 'TableMap.java', 'TableZooHelper.java', 'MutationsRejectedException.java', 'Accumulo.java', 'MetadataServicer.java', 'MetadataLocationObtainer.java', 'ServicerForUserTables.java', 'ServicerForMetadataTable.java', 'TableMetadataServicer.java', 'ServicerForRootTable.java', 'TabletsMetadata.java', 'TabletMetadata.java', 'BulkImport.java', 'ConcurrentKeyExtentCache.java', 'FateThriftClient.java', 'ManagerClient.java', 'ManagerThriftClient.java', 'ClientServiceThriftClient.java', 'TServerClient.java', 'ThriftClientTypes.java', 'TabletServerThriftClient.java', 'ThriftUtil.java', 'Gatherer.java']"
50,ClientOpts.java,1,['Merge.java']
51,ClientService.java,0,[]
52,ClientServiceHandler.java,0,[]
53,ClientSideIteratorScanner.java,0,[]
54,CloneTable.java,0,[]
55,CloseWriteAheadLogReferences.java,0,[]
56,CollectTabletStats.java,0,[]
57,Column.java,13,"['ColumnFQ.java', 'LocalityGroupUtil.java', 'ClientSideIteratorScanner.java', 'RFileScanner.java', 'ActiveScan.java', 'SystemIteratorUtil.java', 'ColumnQualifierFilter.java', 'MetadataLocationObtainer.java', 'ThriftScanner.java', 'TabletServerBatchReaderIterator.java', 'ActiveScanImpl.java', 'ScannerOptions.java', 'ScanInfo.java']"
58,ColumnAgeOffFilter.java,0,[]
59,ColumnQualifierFilter.java,0,[]
60,ColumnSet.java,2,"['ColumnAgeOffFilter.java', 'Combiner.java']"
61,ColumnUpdate.java,5,"['ColumnFQ.java', 'LocalityGroupUtil.java', 'NoDeleteConstraint.java', 'DefaultKeySizeConstraint.java', 'VisibilityConstraint.java']"
62,ColumnVisibility.java,16,"['DefaultFormatter.java', 'Key.java', 'VisibilityConstraint.java', 'Mutation.java', 'Condition.java', 'KeyBuilder.java', 'RFileWriter.java', 'AuthorizationSummarizer.java', 'VisibilityFilter.java', 'ClientOpts.java', 'ReqVisFilter.java', 'VisibilityFilter.java', 'TransformingIterator.java', 'ConditionalWriterImpl.java', 'TabletServerBatchDeleter.java', 'OfflineIterator.java']"
63,Combiner.java,2,"['SummingArrayCombiner.java', 'BigDecimalCombiner.java']"
64,CompactCommand.java,0,[]
65,CompactRange.java,0,[]
66,CompactableImpl.java,0,[]
67,CompactionCoordinator.java,0,[]
68,CompactionIT.java,0,[]
69,Compactor.java,0,[]
70,Compression.java,1,['CreateEmpty.java']
71,Condition.java,1,['ConditionalWriterImpl.java']
72,ConditionalWriterIT.java,0,[]
73,ConditionalWriterImpl.java,0,[]
74,ConfigCommand.java,0,[]
75,ConfigSanityCheck.java,0,[]
76,ConfigurationDocGen.java,0,[]
77,ConfiguratorBase.java,0,[]
78,Connector.java,0,[]
79,ConnectorImpl.java,0,[]
80,Constants.java,4,"['CachedBlock.java', 'LruBlockCache.java', 'TinyLfuBlockCache.java', 'BlockIndex.java']"
81,Constraint.java,0,[]
82,ConstraintChecker.java,0,[]
83,ContextManager.java,0,[]
84,ContinuousBatchWalker.java,0,[]
85,ContinuousIngest.java,0,[]
86,ContinuousMoru.java,0,[]
87,ContinuousQuery.java,0,[]
88,ContinuousStatsCollector.java,0,[]
89,ContinuousVerify.java,0,[]
90,ContinuousWalk.java,0,[]
91,CreateTable.java,0,[]
92,CreateTableCommand.java,0,[]
93,Credentials.java,0,[]
94,CryptoModuleFactory.java,0,[]
95,CyclicReplicationIT.java,0,[]
96,DatafileManager.java,0,[]
97,DefaultConfiguration.java,6,"['RFile.java', 'CreateEmpty.java', 'BloomFilterLayer.java', 'RFileScanner.java', 'RFileWriterBuilder.java', 'ClientConfConverter.java']"
98,DefaultCryptoModule.java,0,[]
99,DefaultIteratorEnvironment.java,0,[]
100,DefaultLoadBalancer.java,0,[]
101,DefaultServlet.java,0,[]
102,DeleteIterCommand.java,0,[]
103,DeleteScanIterCommand.java,0,[]
104,DeleteTable.java,0,[]
105,DfsLogger.java,0,[]
106,DistributedReadWriteLock.java,0,[]
107,DistributedWorkQueue.java,0,[]
108,DistributedWorkQueueWorkAssigner.java,0,[]
109,DropTable.java,0,[]
110,DurabilityIT.java,0,[]
111,EmbeddedWebServer.java,0,[]
112,ExamplesIT.java,0,[]
113,ExportTable.java,0,[]
114,Fate.java,1,['FateLogger.java']
115,FateCommand.java,0,[]
116,FateServiceHandler.java,0,[]
117,FileDataIngest.java,0,[]
118,FileManager.java,0,[]
119,FileOperations.java,1,['DispatchingFileFactory.java']
120,FileOutputConfigurator.java,0,[]
121,FileSystemMonitor.java,0,[]
122,FileUtil.java,0,[]
123,Filter.java,0,[]
124,FirstEntryInRowIterator.java,0,[]
125,GCMonitorService.java,0,[]
126,GarbageCollectWriteAheadLogs.java,0,[]
127,GarbageCollectionAlgorithm.java,0,[]
128,GarbageCollectorCommunicatesWithTServersIT.java,0,[]
129,GarbageCollectorIT.java,0,[]
130,Gatherer.java,0,[]
131,GetSplitsCommand.java,0,[]
132,GrepCommand.java,0,[]
133,GrepIterator.java,0,[]
134,GroupBalancer.java,0,[]
135,HalfDeadTServerIT.java,0,[]
136,HdfsZooInstance.java,0,[]
137,HistoryCommand.java,0,[]
138,HostRegexTableLoadBalancer.java,0,[]
139,ImportExportIT.java,0,[]
140,ImportTable.java,0,[]
141,InMemoryMap.java,0,[]
142,Ingest.java,0,[]
143,Initialize.java,0,[]
144,InputConfigurator.java,0,[]
145,InputFormatBase.java,0,[]
146,InputTableConfig.java,0,[]
147,InsertCommand.java,0,[]
148,Instance.java,6,"['BalanceParamsImpl.java', 'TabletServerIdImpl.java', 'AssignmentParamsImpl.java', 'TabletLogger.java', 'Ample.java', 'TabletMetadata.java']"
149,InstanceOperations.java,3,"['AccumuloClient.java', 'InstanceOperationsImpl.java', 'ClientContext.java']"
150,InstanceOperationsImpl.java,0,[]
151,IntersectingIterator.java,0,[]
152,IsolatedScanner.java,1,['TabletsMetadata.java']
153,IteratorConfig.java,0,[]
154,IteratorSetting.java,39,"['Condition.java', 'RFileScanner.java', 'CompactionConfig.java', 'ActiveCompaction.java', 'NamespaceOperations.java', 'NewTableConfiguration.java', 'TableOperations.java', 'FindMax.java', 'SystemIteratorUtil.java', 'IteratorConfigUtil.java', 'FirstEntryInRowIterator.java', 'AgeOffFilter.java', 'TimestampFilter.java', 'VisibilityFilter.java', 'RegExFilter.java', 'SummingArrayCombiner.java', 'LargeRowFilter.java', 'ColumnAgeOffFilter.java', 'IntersectingIterator.java', 'GrepIterator.java', 'IndexedDocIterator.java', 'VersioningIterator.java', 'TransformingIterator.java', 'ColumnSliceFilter.java', 'LongCombiner.java', 'Filter.java', 'TypedValueCombiner.java', 'Combiner.java', 'MetadataLocationObtainer.java', 'TabletsMetadata.java', 'UserCompactionUtils.java', 'NamespaceOperationsHelper.java', 'CompressedIterators.java', 'NamespaceOperationsImpl.java', 'ActiveCompactionImpl.java', 'TabletServerBatchDeleter.java', 'ScannerOptions.java', 'TableOperationsHelper.java', 'TableOperationsImpl.java']"
155,IteratorUtil.java,2,"['RFileScanner.java', 'OfflineIterator.java']"
156,KerberosIT.java,0,[]
157,KerberosProxyIT.java,0,[]
158,KerberosReplicationIT.java,0,[]
159,Key.java,0,[]
160,KeyExtent.java,42,"['Merge.java', 'RunningCompactionInfo.java', 'LogEntry.java', 'TabletStatisticsImpl.java', 'BalanceParamsImpl.java', 'AssignmentParamsImpl.java', 'TabletLogger.java', 'MultiIterator.java', 'MetadataServicer.java', 'RootTable.java', 'MetadataLocationObtainer.java', 'TableMetadataServicer.java', 'TabletLocationState.java', 'ServicerForRootTable.java', 'AmpleImpl.java', 'TabletsMetadata.java', 'ExternalCompactionFinalState.java', 'Ample.java', 'MetadataSchema.java', 'TabletMetadata.java', 'LinkingIterator.java', 'SyncingTabletLocator.java', 'ThriftScanner.java', 'TabletServerBatchReaderIterator.java', 'ConditionalWriterImpl.java', 'TabletLocator.java', 'BulkSerialize.java', 'Bulk.java', 'BulkImport.java', 'ConcurrentKeyExtentCache.java', 'LoadMappingIterator.java', 'Writer.java', 'ActiveCompactionImpl.java', 'ActiveScanImpl.java', 'TabletLocatorImpl.java', 'TabletType.java', 'TabletServerBatchWriter.java', 'TableOperationsImpl.java', 'RootTabletLocator.java', 'OfflineIterator.java', 'TimeoutTabletLocator.java', 'Gatherer.java']"
161,KeyValue.java,5,"['IteratorAdapter.java', 'ThriftScanner.java', 'ScannerIterator.java', 'ClientContext.java', 'OfflineIterator.java']"
162,LargeRowFilter.java,0,[]
163,LargeSplitRowIT.java,0,[]
164,LargestFirstMemoryManager.java,0,[]
165,ListInstances.java,0,[]
166,LiveTServerSet.java,0,[]
167,LoadFiles.java,0,[]
168,LocalityCheck.java,0,[]
169,LocalityGroupUtil.java,8,"['PrintInfo.java', 'RFile.java', 'RFileScanner.java', 'NewTableConfiguration.java', 'NamespaceOperationsImpl.java', 'InstanceOperationsImpl.java', 'TableOperationsImpl.java', 'OfflineIterator.java']"
170,LogReader.java,0,[]
171,LogService.java,0,[]
172,LogSorter.java,0,[]
173,LongCombiner.java,4,"['SummingArrayCombiner.java', 'MaxCombiner.java', 'SummingCombiner.java', 'MinCombiner.java']"
174,LruBlockCache.java,0,[]
175,Main.java,0,[]
176,Manager.java,0,[]
177,MapFileOperations.java,0,[]
178,MapRedVerifyTool.java,0,[]
179,Master.java,0,[]
180,MasterClient.java,0,[]
181,MasterClientService.java,0,[]
182,MasterClientServiceHandler.java,0,[]
183,MasterMetadataUtil.java,0,[]
184,MasterServlet.java,0,[]
185,Merge.java,0,[]
186,MergeIT.java,0,[]
187,MergeStats.java,0,[]
188,MetaDataStateStore.java,0,[]
189,MetaDataTableScanner.java,0,[]
190,MetadataConstraints.java,0,[]
191,MetadataLocationObtainer.java,1,['TabletLocator.java']
192,MetadataSchema.java,1,['ReferenceDirectory.java']
193,MetadataTable.java,0,[]
194,MetadataTableUtil.java,0,[]
195,MetricsConfiguration.java,0,[]
196,MiniAccumuloCluster.java,0,[]
197,MiniAccumuloClusterControl.java,0,[]
198,MiniAccumuloClusterImpl.java,0,[]
199,MiniAccumuloConfig.java,0,[]
200,MiniAccumuloConfigImpl.java,0,[]
201,MinorCompactor.java,0,[]
202,MockAccumulo.java,0,[]
203,MockConnector.java,0,[]
204,MockInstance.java,0,[]
205,MockInstanceOperations.java,0,[]
206,MockScannerBase.java,0,[]
207,MockSecurityOperations.java,0,[]
208,MockShell.java,0,[]
209,MockTable.java,0,[]
210,MockTableOperations.java,0,[]
211,Module.java,0,[]
212,Monitor.java,0,[]
213,MultiInstanceReplicationIT.java,0,[]
214,MultiLevelIndex.java,0,[]
215,MultiScanResult.java,0,[]
216,MultiTableBatchWriterImpl.java,0,[]
217,Mutation.java,2,"['ConditionalWriter.java', 'ConditionalWriterImpl.java']"
218,MutationsRejectedException.java,5,"['CleanerUtil.java', 'MultiTableBatchWriterImpl.java', 'BatchWriterImpl.java', 'TabletServerBatchDeleter.java', 'TabletServerBatchWriter.java']"
219,NamespaceOperationsImpl.java,0,[]
220,NamespacesIT.java,0,[]
221,NativeMap.java,0,[]
222,NativeMapIT.java,0,[]
223,NullTserver.java,0,[]
224,OfflineIterator.java,0,[]
225,OfflineScanner.java,0,[]
226,OrIterator.java,0,[]
227,OutputConfigurator.java,0,[]
228,PasswordToken.java,5,"['CreateToken.java', 'SecurityOperations.java', 'SecurityOperationsImpl.java', 'DelegationTokenImpl.java', 'ClientProperty.java']"
229,PermissionsIT.java,0,[]
230,PreferredVolumeChooser.java,0,[]
231,PrepBulkImport.java,0,[]
232,PrintInfo.java,0,[]
233,ProblemReport.java,0,[]
234,ProblemReports.java,0,[]
235,Property.java,51,"['Fate.java', 'ZooReaderWriter.java', 'Merge.java', 'ConfigurationImpl.java', 'CompactionServicesConfig.java', 'CompactionPlannerInitParams.java', 'ThreadPools.java', 'LocalityGroupUtil.java', 'LruBlockCacheConfiguration.java', 'BlockCacheManagerFactory.java', 'BlockCacheConfiguration.java', 'ScanCacheProvider.java', 'RFileOperations.java', 'RFile.java', 'SplitLarge.java', 'BloomFilterLayer.java', 'FileOperations.java', 'DispatchingFileFactory.java', 'RFileScanner.java', 'RFile.java', 'CompressionConfigurer.java', 'NewTableConfiguration.java', 'CryptoFactoryLoader.java', 'ClassLoaderUtil.java', 'ShellCompactCommandConfigurer.java', 'DeletingIterator.java', 'IteratorConfigUtil.java', 'ConfigOpts.java', 'TraceUtil.java', 'VolumeConfiguration.java', 'SamplerConfigurationImpl.java', 'MetricsUtil.java', 'NamespaceOperationsHelper.java', 'ThriftScanner.java', 'BulkImport.java', 'ClientContext.java', 'ClientConfConverter.java', 'TableOperationsHelper.java', 'TableOperationsImpl.java', 'OfflineIterator.java', 'SaslConnectionParams.java', 'SslConnectionParams.java', 'SummarizerConfigurationUtil.java', 'SummaryWriter.java', 'RegexGroupBalancer.java', 'TableLoadBalancer.java', 'HostRegexTableLoadBalancer.java', 'TabletBalancer.java', 'VolumeChooser.java', 'DelegatingChooser.java', 'PreferredVolumeChooser.java']"
236,PropertyType.java,1,['ConfigurationImpl.java']
237,Proxy.java,0,[]
238,ProxyServer.java,0,[]
239,Query.java,0,[]
240,QueryMetadataTable.java,0,[]
241,QuotedStringTokenizer.java,0,[]
242,RFile.java,6,"['BloomFilterLayer.java', 'FileOperations.java', 'DispatchingFileFactory.java', 'RFileScanner.java', 'Property.java', 'PropertyType.java']"
243,RFileOperations.java,1,['DispatchingFileFactory.java']
244,RandomBatchScanner.java,0,[]
245,RandomBatchWriter.java,0,[]
246,RandomWriter.java,0,[]
247,RandomizeVolumes.java,0,[]
248,Range.java,83,"['LocalityGroupUtil.java', 'IndexIterator.java', 'GenerateSplits.java', 'RFileOperations.java', 'PrintInfo.java', 'RFile.java', 'MultiIndexIterator.java', 'SplitLarge.java', 'ColumnQualifierFunctor.java', 'KeyFunctor.java', 'ColumnFamilyFunctor.java', 'RowFunctor.java', 'BloomFilterLayer.java', 'FileOperations.java', 'ClientSideIteratorScanner.java', 'BatchScanner.java', 'RFileScanner.java', 'RFile.java', 'RFileScannerBuilder.java', 'TableOperations.java', 'FindMax.java', 'Locations.java', 'IsolatedScanner.java', 'BatchDeleter.java', 'Scanner.java', 'TabletIdImpl.java', 'KeyExtent.java', 'SortedMapIterator.java', 'SourceSwitchingIterator.java', 'SequenceFileIterator.java', 'MultiIterator.java', 'ColumnFamilySkippingIterator.java', 'TimeSettingIterator.java', 'EmptyIterator.java', 'StatsIterator.java', 'LocalityGroupIterator.java', 'DeletingIterator.java', 'SynchronizedIterator.java', 'SynchronizedServerFilter.java', 'FirstEntryInRowIterator.java', 'RowEncodingIterator.java', 'WholeColumnFamilyIterator.java', 'RowDeletingIterator.java', 'LargeRowFilter.java', 'IntersectingIterator.java', 'IndexedDocIterator.java', 'VersioningIterator.java', 'RowFilter.java', 'TransformingIterator.java', 'SeekingFilter.java', 'SkippingIterator.java', 'SortedKeyValueIterator.java', 'ServerSkippingIterator.java', 'DevNull.java', 'ServerWrappingIterator.java', 'WrappingIterator.java', 'IteratorUtil.java', 'Filter.java', 'ServerFilter.java', 'ColumnFamilyCounter.java', 'OrIterator.java', 'Combiner.java', 'DebugIterator.java', 'MetadataLocationObtainer.java', 'TabletsMetadata.java', 'MetadataSchema.java', 'LinkingIterator.java', 'SyncingTabletLocator.java', 'ThriftScanner.java', 'TabletServerBatchReaderIterator.java', 'TabletLocator.java', 'ScannerIterator.java', 'BulkImport.java', 'TabletServerBatchReader.java', 'ScannerImpl.java', 'TabletLocatorImpl.java', 'TableOperationsImpl.java', 'RootTabletLocator.java', 'OfflineIterator.java', 'OfflineScanner.java', 'TimeoutTabletLocator.java', 'Gatherer.java', 'Section.java']"
249,RangeInputSplit.java,0,[]
250,RangePartitioner.java,0,[]
251,ReadWriteExample.java,0,[]
252,ReadWriteIT.java,0,[]
253,RecoveryManager.java,0,[]
254,RegExFilter.java,0,[]
255,RemoteSpan.java,0,[]
256,RemoveCompleteReplicationRecords.java,0,[]
257,RemoveEntriesForMissingFiles.java,0,[]
258,RenameTable.java,0,[]
259,ReplicationIT.java,0,[]
260,ReplicationOperationsImpl.java,0,[]
261,ReplicationOperationsImplIT.java,0,[]
262,ReplicationTable.java,0,[]
263,ReplicationTableUtil.java,0,[]
264,ReplicationUtil.java,0,[]
265,RestartIT.java,0,[]
266,RewriteTabletDirectoriesIT.java,0,[]
267,RootTabletLocator.java,0,[]
268,RowDeletingIterator.java,0,[]
269,RowHash.java,0,[]
270,SampleIT.java,0,[]
271,ScanCommand.java,0,[]
272,ScanIdIT.java,0,[]
273,ScanIteratorIT.java,0,[]
274,ScanResult.java,0,[]
275,Scanner.java,1,['MetadataLocationObtainer.java']
276,ScannerBase.java,8,"['ColumnFQ.java', 'Combiner.java', 'TabletsMetadata.java', 'ScannerOptions.java', 'SimpleScanDispatcher.java', 'HintScanPrioritizer.java', 'ScanServerSelector.java', 'ScanInfo.java']"
277,ScannerImpl.java,0,[]
278,ScannerIterator.java,0,[]
279,ScannerOptions.java,4,"['ClientSideIteratorScanner.java', 'RFileScanner.java', 'IsolatedScanner.java', 'MetadataLocationObtainer.java']"
280,SecurityFixture.java,0,[]
281,SecurityOperation.java,0,[]
282,SecurityOperations.java,4,"['DelegationToken.java', 'AccumuloClient.java', 'SecurityOperationsImpl.java', 'ClientContext.java']"
283,SecurityOperationsImpl.java,0,[]
284,SecurityUtil.java,0,[]
285,SendLogToChainsaw.java,0,[]
286,SequentialWorkAssigner.java,0,[]
287,ServerClient.java,0,[]
288,ServerConfigurationFactory.java,0,[]
289,ServerConstants.java,0,[]
290,ServerContext.java,0,[]
291,SessionManager.java,0,[]
292,SetIterCommand.java,0,[]
293,SetScanIterCommand.java,0,[]
294,Setup.java,0,[]
295,Shell.java,0,[]
296,ShellOptionsJC.java,0,[]
297,ShellServerIT.java,0,[]
298,SimpleGarbageCollector.java,0,[]
299,SimpleProxyBase.java,0,[]
300,SiteConfiguration.java,2,"['GenerateSplits.java', 'ConfigOpts.java']"
301,SortedKeyValueIterator.java,53,"['IndexIterator.java', 'GenerateSplits.java', 'RFile.java', 'MultiIndexIterator.java', 'BloomFilterLayer.java', 'ClientSideIteratorScanner.java', 'IteratorSetting.java', 'RFileScanner.java', 'CompactionSelector.java', 'SortedMapIterator.java', 'SourceSwitchingIterator.java', 'SequenceFileIterator.java', 'MultiIterator.java', 'ColumnFamilySkippingIterator.java', 'TimeSettingIterator.java', 'EmptyIterator.java', 'VisibilityFilter.java', 'SystemIteratorUtil.java', 'StatsIterator.java', 'LocalityGroupIterator.java', 'CountingIterator.java', 'DeletingIterator.java', 'InterruptibleIterator.java', 'SynchronizedIterator.java', 'HeapIterator.java', 'ColumnQualifierFilter.java', 'SampleIterator.java', 'IteratorConfigUtil.java', 'RowEncodingIterator.java', 'WholeColumnFamilyIterator.java', 'AgeOffFilter.java', 'TimestampFilter.java', 'RowDeletingIterator.java', 'VisibilityFilter.java', 'RegExFilter.java', 'SummingArrayCombiner.java', 'LargeRowFilter.java', 'ColumnAgeOffFilter.java', 'WholeRowIterator.java', 'IntersectingIterator.java', 'BigDecimalCombiner.java', 'CfCqSliceFilter.java', 'GrepIterator.java', 'IndexedDocIterator.java', 'VersioningIterator.java', 'CfCqSliceSeekingFilter.java', 'RowFilter.java', 'TransformingIterator.java', 'SeekingFilter.java', 'ColumnSliceFilter.java', 'NamespaceOperationsImpl.java', 'TableOperationsImpl.java', 'OfflineIterator.java']"
302,SortedLogRecovery.java,0,[]
303,SpanReceiver.java,0,[]
304,SplitIT.java,0,[]
305,SplitRecoveryIT.java,0,[]
306,StandaloneClusterControl.java,0,[]
307,State.java,1,['ActiveScanImpl.java']
308,StatusMaker.java,0,[]
309,SummaryIT.java,0,[]
310,SummingArrayCombiner.java,0,[]
311,SuspendedTabletsIT.java,0,[]
312,SystemCredentialsIT.java,0,[]
313,TInfo.java,0,[]
314,TIteratorSetting.java,0,[]
315,TMutation.java,0,[]
316,TServerInstance.java,6,"['BalanceParamsImpl.java', 'TabletServerIdImpl.java', 'AssignmentParamsImpl.java', 'TabletLogger.java', 'Ample.java', 'TabletMetadata.java']"
317,TServerUtils.java,0,[]
318,TServersServlet.java,0,[]
319,TableConfiguration.java,1,['TableOperationsImpl.java']
320,TableDiskUsage.java,0,[]
321,TableExistsException.java,3,"['TableOperations.java', 'NamespaceOperationsImpl.java', 'TableOperationsImpl.java']"
322,TableInfo.java,0,[]
323,TableLoadBalancer.java,0,[]
324,TableManager.java,0,[]
325,TableNotFoundException.java,29,"['TableZooHelper.java', 'ActiveCompaction.java', 'SummaryRetriever.java', 'TableOperations.java', 'FindMax.java', 'MetadataServicer.java', 'TableMetadataServicer.java', 'TabletsMetadata.java', 'SyncingTabletLocator.java', 'SecurityOperationsImpl.java', 'ThriftScanner.java', 'TabletServerBatchReaderIterator.java', 'MultiTableBatchWriterImpl.java', 'NamespaceOperationsImpl.java', 'TabletLocator.java', 'ScannerIterator.java', 'BulkImport.java', 'Writer.java', 'InstanceOperationsImpl.java', 'ClientContext.java', 'ActiveCompactionImpl.java', 'ActiveScanImpl.java', 'TabletLocatorImpl.java', 'TabletServerBatchWriter.java', 'TableOperationsHelper.java', 'TableOperationsImpl.java', 'OfflineIterator.java', 'TimeoutTabletLocator.java', 'ManagerThriftClient.java']"
326,TableOp.java,0,[]
327,TableOperation.java,0,[]
328,TableOperations.java,12,"['RFile.java', 'RFileWriter.java', 'AuthorizationSummarizer.java', 'FamilySummarizer.java', 'DeletesSummarizer.java', 'VisibilitySummarizer.java', 'Summarizer.java', 'AccumuloClient.java', 'NamespaceOperationsImpl.java', 'ClientContext.java', 'TableOperationsHelper.java', 'TableOperationsImpl.java']"
329,TableOperationsHelper.java,1,['NewTableConfiguration.java']
330,TableOperationsIT.java,0,[]
331,TableOperationsImpl.java,1,['BulkImport.java']
332,TableRangeOp.java,0,[]
333,Tables.java,0,[]
334,TablesResource.java,0,[]
335,TablesServlet.java,0,[]
336,Tablet.java,0,[]
337,TabletBalancer.java,2,"['BalanceParamsImpl.java', 'AssignmentParamsImpl.java']"
338,TabletClientService.java,0,[]
339,TabletGroupWatcher.java,0,[]
340,TabletIterator.java,0,[]
341,TabletIteratorEnvironment.java,0,[]
342,TabletLocator.java,0,[]
343,TabletLocatorImpl.java,0,[]
344,TabletMetadata.java,0,[]
345,TabletServer.java,0,[]
346,TabletServerBatchReader.java,0,[]
347,TabletServerBatchReaderIterator.java,1,['MetadataLocationObtainer.java']
348,TabletServerBatchWriter.java,0,[]
349,TabletServerLogger.java,0,[]
350,TabletServerResourceManager.java,0,[]
351,TabletServerStatus.java,0,[]
352,TabletSplit.java,0,[]
353,TabletStateChangeIterator.java,0,[]
354,TabletStateChangeIteratorIT.java,0,[]
355,TeraSortIngest.java,0,[]
356,TextUtil.java,13,"['GenerateSplits.java', 'TextLexicoder.java', 'KeyExtent.java', 'IntersectingIterator.java', 'MetadataLocationObtainer.java', 'TabletLocationState.java', 'ExternalCompactionFinalState.java', 'Bulk.java', 'TabletLocatorImpl.java', 'ScannerOptions.java', 'TableOperationsImpl.java', 'Gatherer.java', 'ColumnVisibility.java']"
357,ThriftScanner.java,1,['MetadataLocationObtainer.java']
358,ThriftSecurityException.java,0,[]
359,ThriftTransportPool.java,0,[]
360,ThriftUtil.java,12,"['ExternalCompactionUtil.java', 'ThriftScanner.java', 'TabletServerBatchReaderIterator.java', 'ConditionalWriterImpl.java', 'Writer.java', 'ThriftTransportPool.java', 'TabletServerBatchWriter.java', 'TableOperationsImpl.java', 'ManagerClient.java', 'ManagerThriftClient.java', 'TServerClient.java', 'Gatherer.java']"
361,TimestampFilter.java,0,[]
362,TokenFileIT.java,0,[]
363,TooManyFilesException.java,0,[]
364,Trace.java,0,[]
365,TraceDump.java,0,[]
366,TraceServer.java,0,[]
367,TransactionWatcher.java,0,[]
368,TransformingIterator.java,0,[]
369,TypedValueCombiner.java,2,"['SummingArrayCombiner.java', 'BigDecimalCombiner.java']"
370,UnorderedWorkAssignerReplicationIT.java,0,[]
371,UpdateErrors.java,0,[]
372,Upgrader9to10.java,0,[]
373,UserCompactionStrategyIT.java,0,[]
374,Utils.java,2,"['PrintInfo.java', 'MultiLevelIndex.java']"
375,Validate.java,0,[]
376,Value.java,5,"['IteratorAdapter.java', 'ThriftScanner.java', 'ScannerIterator.java', 'ClientContext.java', 'OfflineIterator.java']"
377,Verify.java,0,[]
378,VerifyIngest.java,0,[]
379,VerifyTabletAssignments.java,0,[]
380,VersioningIterator.java,2,"['NewTableConfiguration.java', 'IteratorConfigUtil.java']"
381,VisServlet.java,0,[]
382,VisibilityConstraint.java,0,[]
383,VisibilityFilter.java,0,[]
384,VolumeChooserIT.java,0,[]
385,VolumeIT.java,0,[]
386,VolumeManagerImpl.java,0,[]
387,VolumeUtil.java,0,[]
388,WALSunnyDayIT.java,0,[]
389,WalkingSecurity.java,0,[]
390,WholeRowIterator.java,2,"['MetadataLocationObtainer.java', 'TabletsMetadata.java']"
391,WorkMaker.java,0,[]
392,Write.java,0,[]
393,Writer.java,3,"['AdminUtil.java', 'ZooStore.java', 'ServiceLock.java']"
394,ZKAuthenticator.java,0,[]
395,ZKAuthorizor.java,0,[]
396,ZKPermHandler.java,0,[]
397,ZombieTServer.java,0,[]
398,ZooCache.java,12,"['ServiceLock.java', 'CleanerUtil.java', 'TableMap.java', 'TableZooHelper.java', 'TabletsMetadata.java', 'TabletMetadata.java', 'Namespaces.java', 'InstanceOperationsImpl.java', 'ClientContext.java', 'ZookeeperLockChecker.java', 'RootTabletLocator.java', 'TServerClient.java']"
399,ZooConfiguration.java,0,[]
400,ZooKeeperInstance.java,0,[]
401,ZooKeeperStatus.java,0,[]
402,ZooLock.java,0,[]
403,ZooQueueLock.java,0,[]
404,ZooReader.java,5,"['AdminUtil.java', 'MonitorUtil.java', 'ExternalCompactionUtil.java', 'TabletsMetadata.java', 'ClientContext.java']"
405,ZooReaderWriter.java,3,"['AdminUtil.java', 'ZooStore.java', 'ServiceLock.java']"
406,ZooSession.java,1,['ExternalCompactionUtil.java']
407,ZooStore.java,0,[]
408,ZooTabletStateStore.java,0,[]
409,ZooTraceClient.java,0,[]
410,ZooUtil.java,2,"['ServiceLock.java', 'ClientContext.java']"
411,ZooZap.java,0,[]
412,package-info.java,0,[]
