Project Name,Package Name,Type Name,Code Smell
main,org.apache.activemq.memory,UsageManagerCacheFilter,Unutilized Abstraction
main,org.apache.activemq.memory,MapCache,Unutilized Abstraction
main,org.apache.activemq.memory,CacheEntry,Deficient Encapsulation
main,org.apache.activemq.memory,CacheEntry,Cyclic-Dependent Modularization
main,org.apache.activemq.memory,CacheFilter,Unutilized Abstraction
main,org.apache.activemq.memory,CacheEvictionUsageListener,Unutilized Abstraction
main,org.apache.activemq.memory,CacheEntryList,Deficient Encapsulation
main,org.apache.activemq.memory,CacheEntryList,Cyclic-Dependent Modularization
main,org.apache.activemq.memory.list,SimpleMessageList,Unutilized Abstraction
main,org.apache.activemq.memory.list,DestinationBasedMessageList,Unutilized Abstraction
main,org.apache.activemq.memory.buffer,MessageBuffer,Cyclic-Dependent Modularization
main,org.apache.activemq.memory.buffer,OrderBasedMessageBuffer,Unutilized Abstraction
main,org.apache.activemq.memory.buffer,MessageQueue,Cyclic-Dependent Modularization
main,org.apache.activemq.memory.buffer,SizeBasedMessageBuffer,Unutilized Abstraction
main,org.apache.activemq.broker,EmptyBroker,Unutilized Abstraction
main,org.apache.activemq.broker,EmptyBroker,Insufficient Modularization
main,org.apache.activemq.broker,TransportConnectionState,Cyclic-Dependent Modularization
main,org.apache.activemq.broker,InsertableMutableBrokerFilter,Unutilized Abstraction
main,org.apache.activemq.broker,InsertableMutableBrokerFilter,Broken Hierarchy
main,org.apache.activemq.broker,PropertiesBrokerFactory,Unutilized Abstraction
main,org.apache.activemq.broker,TransportStatusDetector,Cyclic-Dependent Modularization
main,org.apache.activemq.broker,BrokerFactory,Cyclic-Dependent Modularization
main,org.apache.activemq.broker,ProducerBrokerExchange,Cyclic-Dependent Modularization
main,org.apache.activemq.broker,ProducerBrokerExchange,Insufficient Modularization
main,org.apache.activemq.broker,BrokerService,Deficient Encapsulation
main,org.apache.activemq.broker,BrokerService,Cyclic-Dependent Modularization
main,org.apache.activemq.broker,BrokerService,Insufficient Modularization
main,org.apache.activemq.broker,BrokerService,Hub-like Modularization
main,org.apache.activemq.broker,BrokerContextAware,Unutilized Abstraction
main,org.apache.activemq.broker,BrokerRegistry,Cyclic-Dependent Modularization
main,org.apache.activemq.broker,DefaultBrokerFactory,Unutilized Abstraction
main,org.apache.activemq.broker,SingleTransportConnectionStateRegister,Unutilized Abstraction
main,org.apache.activemq.broker,BrokerServiceAware,Cyclic-Dependent Modularization
main,org.apache.activemq.broker,BrokerPlugin,Cyclic-Dependent Modularization
main,org.apache.activemq.broker,ConnectionContext,Cyclic-Dependent Modularization
main,org.apache.activemq.broker,ConnectionContext,Insufficient Modularization
main,org.apache.activemq.broker,PublishedAddressPolicy,Cyclic-Dependent Modularization
main,org.apache.activemq.broker,Lockable,Unutilized Abstraction
main,org.apache.activemq.broker,BrokerBroadcaster,Unutilized Abstraction
main,org.apache.activemq.broker,BrokerBroadcaster,Insufficient Modularization
main,org.apache.activemq.broker,SslBrokerService,Unutilized Abstraction
main,org.apache.activemq.broker,SslBrokerService,Broken Hierarchy
main,org.apache.activemq.broker,Locker,Cyclic-Dependent Modularization
main,org.apache.activemq.broker,AbstractLocker,Unutilized Abstraction
main,org.apache.activemq.broker,AbstractLocker,Deficient Encapsulation
main,org.apache.activemq.broker,ConsumerBrokerExchange,Cyclic-Dependent Modularization
main,org.apache.activemq.broker,SuppressReplyException,Unutilized Abstraction
main,org.apache.activemq.broker,TransportConnection,Cyclic-Dependent Modularization
main,org.apache.activemq.broker,TransportConnection,Insufficient Modularization
main,org.apache.activemq.broker,ErrorBroker,Unutilized Abstraction
main,org.apache.activemq.broker,ErrorBroker,Insufficient Modularization
main,org.apache.activemq.broker,BrokerPluginSupport,Unutilized Abstraction
main,org.apache.activemq.broker,BrokerPluginSupport,Broken Hierarchy
main,org.apache.activemq.broker,TransactionBroker,Unutilized Abstraction
main,org.apache.activemq.broker,TransactionBroker,Cyclic-Dependent Modularization
main,org.apache.activemq.broker,TransactionBroker,Insufficient Modularization
main,org.apache.activemq.broker,PreparedDestinationCompletion,Unutilized Abstraction
main,org.apache.activemq.broker,MutableBrokerFilter,Unutilized Abstraction
main,org.apache.activemq.broker,MapTransportConnectionStateRegister,Unutilized Abstraction
main,org.apache.activemq.broker,BrokerStoppedException,Unutilized Abstraction
main,org.apache.activemq.broker,BrokerFilter,Unutilized Abstraction
main,org.apache.activemq.broker,BrokerFilter,Insufficient Modularization
main,org.apache.activemq.broker,CompositeDestinationBroker,Unutilized Abstraction
main,org.apache.activemq.broker,Broker,Cyclic-Dependent Modularization
main,org.apache.activemq.broker,Broker,Insufficient Modularization
main,org.apache.activemq.broker,UserIDBroker,Unutilized Abstraction
main,org.apache.activemq.broker,UserIDBroker,Cyclic-Dependent Modularization
main,org.apache.activemq.broker,LockableServiceSupport,Cyclic-Dependent Modularization
main,org.apache.activemq.broker,TransportConnector,Cyclic-Dependent Modularization
main,org.apache.activemq.broker,TransportConnector,Insufficient Modularization
main,org.apache.activemq.broker,TransportConnectionStateRegister,Cyclic-Dependent Modularization
main,org.apache.activemq.broker.view,MessageBrokerView,Insufficient Modularization
main,org.apache.activemq.broker.view,DestinationDotFilePlugin,Unutilized Abstraction
main,org.apache.activemq.broker.view,ConnectionDotFilePlugin,Unutilized Abstraction
main,org.apache.activemq.broker.view,DotFileInterceptorSupport,Unutilized Abstraction
main,org.apache.activemq.broker.view,DestinationDotFileInterceptor,Unutilized Abstraction
main,org.apache.activemq.broker.view,DestinationDotFileInterceptor,Broken Hierarchy
main,org.apache.activemq.broker.view,ConnectionDotFileInterceptor,Unutilized Abstraction
main,org.apache.activemq.broker.view,ConnectionDotFileInterceptor,Broken Hierarchy
main,org.apache.activemq.broker.view,BrokerDestinationView,Insufficient Modularization
main,org.apache.activemq.broker.region,SubscriptionRecovery,Cyclic-Dependent Modularization
main,org.apache.activemq.broker.region,TempTopic,Unutilized Abstraction
main,org.apache.activemq.broker.region,DestinationFactoryImpl,Unutilized Abstraction
main,org.apache.activemq.broker.region,NullMessageReference,Unutilized Abstraction
main,org.apache.activemq.broker.region,NullMessageReference,Insufficient Modularization
main,org.apache.activemq.broker.region,Queue,Cyclic-Dependent Modularization
main,org.apache.activemq.broker.region,Queue,Insufficient Modularization
main,org.apache.activemq.broker.region,TimeoutMessage,Unutilized Abstraction
main,org.apache.activemq.broker.region,FlowControlTimeoutTask,Unutilized Abstraction
main,org.apache.activemq.broker.region,QueueThread,Unutilized Abstraction
main,org.apache.activemq.broker.region,BatchMessageRecoveryListener,Unutilized Abstraction
main,org.apache.activemq.broker.region,BrowserDispatch,Unutilized Abstraction
main,org.apache.activemq.broker.region,CursorAddSync,Unutilized Abstraction
main,org.apache.activemq.broker.region,AbstractTempRegion,Unutilized Abstraction
main,org.apache.activemq.broker.region,DestinationFilter,Unexploited Encapsulation
main,org.apache.activemq.broker.region,DestinationFilter,Missing Hierarchy
main,org.apache.activemq.broker.region,DestinationFilter,Cyclic-Dependent Modularization
main,org.apache.activemq.broker.region,DestinationFilter,Insufficient Modularization
main,org.apache.activemq.broker.region,QueueDispatchSelector,Cyclic-Dependent Modularization
main,org.apache.activemq.broker.region,BaseDestination,Deficient Encapsulation
main,org.apache.activemq.broker.region,BaseDestination,Rebellious Hierarchy
main,org.apache.activemq.broker.region,BaseDestination,Cyclic-Dependent Modularization
main,org.apache.activemq.broker.region,BaseDestination,Insufficient Modularization
main,org.apache.activemq.broker.region,TempQueueRegion,Unutilized Abstraction
main,org.apache.activemq.broker.region,TempQueueRegion,Broken Hierarchy
main,org.apache.activemq.broker.region,TopicSubscription,Cyclic-Dependent Modularization
main,org.apache.activemq.broker.region,TopicSubscription,Insufficient Modularization
main,org.apache.activemq.broker.region,AbstractSubscription,Insufficient Modularization
main,org.apache.activemq.broker.region,AbstractRegion,Unutilized Abstraction
main,org.apache.activemq.broker.region,AbstractRegion,Insufficient Modularization
main,org.apache.activemq.broker.region,QueueBrowserSubscription,Cyclic-Dependent Modularization
main,org.apache.activemq.broker.region,QueueSubscription,Broken Hierarchy
main,org.apache.activemq.broker.region,QueueSubscription,Cyclic-Dependent Modularization
main,org.apache.activemq.broker.region,PrefetchSubscription,Cyclic-Dependent Modularization
main,org.apache.activemq.broker.region,PrefetchSubscription,Insufficient Modularization
main,org.apache.activemq.broker.region,PendingMarshalUsageTracker,Unutilized Abstraction
main,org.apache.activemq.broker.region,Topic,Cyclic-Dependent Modularization
main,org.apache.activemq.broker.region,Topic,Insufficient Modularization
main,org.apache.activemq.broker.region,TempTopicRegion,Unutilized Abstraction
main,org.apache.activemq.broker.region,TempTopicRegion,Broken Hierarchy
main,org.apache.activemq.broker.region,Destination,Deficient Encapsulation
main,org.apache.activemq.broker.region,Destination,Cyclic-Dependent Modularization
main,org.apache.activemq.broker.region,Destination,Insufficient Modularization
main,org.apache.activemq.broker.region,TempQueue,Unutilized Abstraction
main,org.apache.activemq.broker.region,TopicRegion,Unutilized Abstraction
main,org.apache.activemq.broker.region,TopicRegion,Unexploited Encapsulation
main,org.apache.activemq.broker.region,TopicRegion,Missing Hierarchy
main,org.apache.activemq.broker.region,TopicRegion,Cyclic-Dependent Modularization
main,org.apache.activemq.broker.region,DestinationFactory,Cyclic-Dependent Modularization
main,org.apache.activemq.broker.region,Subscription,Broken Hierarchy
main,org.apache.activemq.broker.region,Subscription,Cyclic-Dependent Modularization
main,org.apache.activemq.broker.region,Subscription,Insufficient Modularization
main,org.apache.activemq.broker.region,DestinationInterceptor,Cyclic-Dependent Modularization
main,org.apache.activemq.broker.region,IndirectMessageReference,Insufficient Modularization
main,org.apache.activemq.broker.region,DurableTopicSubscription,Cyclic-Dependent Modularization
main,org.apache.activemq.broker.region,DurableTopicSubscription,Insufficient Modularization
main,org.apache.activemq.broker.region,RegionBroker,Deficient Encapsulation
main,org.apache.activemq.broker.region,RegionBroker,Cyclic-Dependent Modularization
main,org.apache.activemq.broker.region,RegionBroker,Insufficient Modularization
main,org.apache.activemq.broker.region,Region,Cyclic-Dependent Modularization
main,org.apache.activemq.broker.region,QueueRegion,Unutilized Abstraction
main,org.apache.activemq.broker.region,MessageReferenceFilter,Cyclic-Dependent Modularization
main,org.apache.activemq.broker.region.virtual,VirtualDestinationInterceptor,Cyclic-Dependent Modularization
main,org.apache.activemq.broker.region.virtual,MappedQueueFilter,Unutilized Abstraction
main,org.apache.activemq.broker.region.virtual,VirtualTopicInterceptor,Unutilized Abstraction
main,org.apache.activemq.broker.region.virtual,VirtualDestination,Cyclic-Dependent Modularization
main,org.apache.activemq.broker.region.virtual,MirroredQueue,Cyclic-Dependent Modularization
main,org.apache.activemq.broker.region.virtual,CompositeTopic,Unutilized Abstraction
main,org.apache.activemq.broker.region.virtual,CompositeTopic,Broken Hierarchy
main,org.apache.activemq.broker.region.virtual,CompositeDestinationFilter,Unutilized Abstraction
main,org.apache.activemq.broker.region.virtual,SelectorAwareVirtualTopicInterceptor,Unutilized Abstraction
main,org.apache.activemq.broker.region.virtual,SelectorAwareVirtualTopicInterceptor,Broken Hierarchy
main,org.apache.activemq.broker.region.virtual,VirtualTopic,Cyclic-Dependent Modularization
main,org.apache.activemq.broker.region.virtual,VirtualTopic,Insufficient Modularization
main,org.apache.activemq.broker.region.virtual,CompositeQueue,Unutilized Abstraction
main,org.apache.activemq.broker.region.virtual,CompositeQueue,Broken Hierarchy
main,org.apache.activemq.broker.region.cursors,PendingMessageCursor,Cyclic-Dependent Modularization
main,org.apache.activemq.broker.region.cursors,PendingMessageCursor,Insufficient Modularization
main,org.apache.activemq.broker.region.cursors,AbstractStoreCursor,Insufficient Modularization
main,org.apache.activemq.broker.region.cursors,QueueDispatchPendingList,Unexploited Encapsulation
main,org.apache.activemq.broker.region.cursors,QueueDispatchPendingList,Missing Hierarchy
main,org.apache.activemq.broker.region.cursors,QueueDispatchPendingList,Insufficient Modularization
main,org.apache.activemq.broker.region.cursors,PendingMessageHelper,Cyclic-Dependent Modularization
main,org.apache.activemq.broker.region.cursors,StoreDurableSubscriberCursor,Insufficient Modularization
main,org.apache.activemq.broker.region.cursors,PendingNode,Cyclic-Dependent Modularization
main,org.apache.activemq.broker.region.cursors,OrderedPendingList,Cyclic-Dependent Modularization
main,org.apache.activemq.broker.region.cursors,StoreQueueCursor,Unutilized Abstraction
main,org.apache.activemq.broker.region.cursors,StoreQueueCursor,Insufficient Modularization
main,org.apache.activemq.broker.region.cursors,PrioritizedPendingListIterator,Unutilized Abstraction
main,org.apache.activemq.broker.region.cursors,VMPendingMessageCursor,Unutilized Abstraction
main,org.apache.activemq.broker.region.cursors,AbstractPendingMessageCursor,Insufficient Modularization
main,org.apache.activemq.broker.region.cursors,FilePendingMessageCursor,Unutilized Abstraction
main,org.apache.activemq.broker.region.cursors,FilePendingMessageCursor,Insufficient Modularization
main,org.apache.activemq.broker.region.cursors,DiskIterator,Unutilized Abstraction
main,org.apache.activemq.broker.region.group,SimpleMessageGroupMap,Unutilized Abstraction
main,org.apache.activemq.broker.region.group,SimpleMessageGroupMapFactory,Unutilized Abstraction
main,org.apache.activemq.broker.region.group,MessageGroupHashBucket,Unutilized Abstraction
main,org.apache.activemq.broker.region.group,EmptyMessageGroupSet,Deficient Encapsulation
main,org.apache.activemq.broker.region.group,CachedMessageGroupMap,Unutilized Abstraction
main,org.apache.activemq.broker.region.group,MessageGroupHashBucketFactory,Unutilized Abstraction
main,org.apache.activemq.broker.region.group,CachedMessageGroupMapFactory,Unutilized Abstraction
main,org.apache.activemq.broker.region.group,MessageGroupMap,Cyclic-Dependent Modularization
main,org.apache.activemq.broker.region.policy,PendingMessageLimitStrategy,Cyclic-Dependent Modularization
main,org.apache.activemq.broker.region.policy,AbortSlowConsumerStrategy,Cyclic-Dependent Modularization
main,org.apache.activemq.broker.region.policy,AbortSlowConsumerStrategy,Insufficient Modularization
main,org.apache.activemq.broker.region.policy,PrefetchRatePendingMessageLimitStrategy,Unutilized Abstraction
main,org.apache.activemq.broker.region.policy,PendingDurableSubscriberMessageStoragePolicy,Cyclic-Dependent Modularization
main,org.apache.activemq.broker.region.policy,IndividualDeadLetterStrategy,Unutilized Abstraction
main,org.apache.activemq.broker.region.policy,IndividualDeadLetterStrategy,Broken Hierarchy
main,org.apache.activemq.broker.region.policy,FilePendingDurableSubscriberMessageStoragePolicy,Unutilized Abstraction
main,org.apache.activemq.broker.region.policy,RetainedMessageSubscriptionRecoveryPolicy,Deficient Encapsulation
main,org.apache.activemq.broker.region.policy,RetainedMessageSubscriptionRecoveryPolicy,Cyclic-Dependent Modularization
main,org.apache.activemq.broker.region.policy,PolicyMap,Cyclic-Dependent Modularization
main,org.apache.activemq.broker.region.policy,SlowConsumerStrategy,Cyclic-Dependent Modularization
main,org.apache.activemq.broker.region.policy,FilePendingQueueMessageStoragePolicy,Unutilized Abstraction
main,org.apache.activemq.broker.region.policy,StrictOrderDispatchPolicy,Unutilized Abstraction
main,org.apache.activemq.broker.region.policy,ConstantPendingMessageLimitStrategy,Unutilized Abstraction
main,org.apache.activemq.broker.region.policy,LastImageSubscriptionRecoveryPolicy,Unutilized Abstraction
main,org.apache.activemq.broker.region.policy,VMPendingQueueMessageStoragePolicy,Unutilized Abstraction
main,org.apache.activemq.broker.region.policy,PendingQueueMessageStoragePolicy,Cyclic-Dependent Modularization
main,org.apache.activemq.broker.region.policy,MessageEvictionStrategySupport,Unutilized Abstraction
main,org.apache.activemq.broker.region.policy,StorePendingQueueMessageStoragePolicy,Unutilized Abstraction
main,org.apache.activemq.broker.region.policy,UniquePropertyMessageEvictionStrategy,Unutilized Abstraction
main,org.apache.activemq.broker.region.policy,UniquePropertyMessageEvictionStrategy,Broken Hierarchy
main,org.apache.activemq.broker.region.policy,PolicyEntry,Cyclic-Dependent Modularization
main,org.apache.activemq.broker.region.policy,PolicyEntry,Insufficient Modularization
main,org.apache.activemq.broker.region.policy,VMPendingSubscriberMessageStoragePolicy,Unutilized Abstraction
main,org.apache.activemq.broker.region.policy,SlowConsumerEntry,Cyclic-Dependent Modularization
main,org.apache.activemq.broker.region.policy,DispatchSelector,Unutilized Abstraction
main,org.apache.activemq.broker.region.policy,SimpleDispatchSelector,Unutilized Abstraction
main,org.apache.activemq.broker.region.policy,SharedDeadLetterStrategy,Unutilized Abstraction
main,org.apache.activemq.broker.region.policy,SharedDeadLetterStrategy,Deficient Encapsulation
main,org.apache.activemq.broker.region.policy,SharedDeadLetterStrategy,Broken Hierarchy
main,org.apache.activemq.broker.region.policy,DiscardingDeadLetterStrategy,Unutilized Abstraction
main,org.apache.activemq.broker.region.policy,DiscardingDeadLetterStrategy,Broken Hierarchy
main,org.apache.activemq.broker.region.policy,PriorityNetworkDispatchPolicy,Unutilized Abstraction
main,org.apache.activemq.broker.region.policy,NoSubscriptionRecoveryPolicy,Unutilized Abstraction
main,org.apache.activemq.broker.region.policy,PendingSubscriberMessageStoragePolicy,Cyclic-Dependent Modularization
main,org.apache.activemq.broker.region.policy,OldestMessageWithLowestPriorityEvictionStrategy,Unutilized Abstraction
main,org.apache.activemq.broker.region.policy,OldestMessageWithLowestPriorityEvictionStrategy,Broken Hierarchy
main,org.apache.activemq.broker.region.policy,SubscriptionRecoveryPolicy,Cyclic-Dependent Modularization
main,org.apache.activemq.broker.region.policy,TimedSubscriptionRecoveryPolicy,Deficient Encapsulation
main,org.apache.activemq.broker.region.policy,TimestampWrapper,Deficient Encapsulation
main,org.apache.activemq.broker.region.policy,AbstractDeadLetterStrategy,Unutilized Abstraction
main,org.apache.activemq.broker.region.policy,FilePendingSubscriberMessageStoragePolicy,Unutilized Abstraction
main,org.apache.activemq.broker.region.policy,DeadLetterStrategy,Cyclic-Dependent Modularization
main,org.apache.activemq.broker.region.policy,StorePendingDurableSubscriberMessageStoragePolicy,Unutilized Abstraction
main,org.apache.activemq.broker.region.policy,VMPendingDurableSubscriberMessageStoragePolicy,Unutilized Abstraction
main,org.apache.activemq.broker.region.policy,PriorityDispatchPolicy,Unutilized Abstraction
main,org.apache.activemq.broker.region.policy,RoundRobinDispatchPolicy,Unutilized Abstraction
main,org.apache.activemq.broker.region.policy,OldestMessageEvictionStrategy,Unutilized Abstraction
main,org.apache.activemq.broker.region.policy,OldestMessageEvictionStrategy,Broken Hierarchy
main,org.apache.activemq.broker.region.policy,SimpleDispatchPolicy,Unutilized Abstraction
main,org.apache.activemq.broker.scheduler,JobSchedulerFacade,Unutilized Abstraction
main,org.apache.activemq.broker.scheduler,SchedulerBroker,Cyclic-Dependent Modularization
main,org.apache.activemq.broker.scheduler,SchedulerBroker,Insufficient Modularization
main,org.apache.activemq.broker.scheduler.memory,InMemoryJob,Insufficient Modularization
main,org.apache.activemq.broker.scheduler.memory,InMemoryJobScheduler,Insufficient Modularization
main,org.apache.activemq.broker.scheduler.memory,InMemoryJobSchedulerStore,Unutilized Abstraction
main,org.apache.activemq.broker.jmx,ProducerView,Unutilized Abstraction
main,org.apache.activemq.broker.jmx,ProducerView,Cyclic-Dependent Modularization
main,org.apache.activemq.broker.jmx,NetworkDestinationView,Unutilized Abstraction
main,org.apache.activemq.broker.jmx,NetworkDestinationView,Cyclic-Dependent Modularization
main,org.apache.activemq.broker.jmx,ManagedTempTopicRegion,Unutilized Abstraction
main,org.apache.activemq.broker.jmx,ProducerViewMBean,Unutilized Abstraction
main,org.apache.activemq.broker.jmx,DurableSubscriptionViewMBean,Unutilized Abstraction
main,org.apache.activemq.broker.jmx,DurableSubscriptionViewMBean,Broken Hierarchy
main,org.apache.activemq.broker.jmx,DurableSubscriptionViewMBean,Rebellious Hierarchy
main,org.apache.activemq.broker.jmx,JmsConnectorView,Unutilized Abstraction
main,org.apache.activemq.broker.jmx,JmsConnectorView,Broken Hierarchy
main,org.apache.activemq.broker.jmx,JmsConnectorView,Cyclic-Dependent Modularization
main,org.apache.activemq.broker.jmx,QueueView,Unutilized Abstraction
main,org.apache.activemq.broker.jmx,QueueView,Broken Hierarchy
main,org.apache.activemq.broker.jmx,QueueView,Insufficient Modularization
main,org.apache.activemq.broker.jmx,AbortSlowAckConsumerStrategyViewMBean,Unutilized Abstraction
main,org.apache.activemq.broker.jmx,PersistenceAdapterView,Unutilized Abstraction
main,org.apache.activemq.broker.jmx,ManagementContext,Deficient Encapsulation
main,org.apache.activemq.broker.jmx,ManagementContext,Insufficient Modularization
main,org.apache.activemq.broker.jmx,AbortSlowAckConsumerStrategyView,Unutilized Abstraction
main,org.apache.activemq.broker.jmx,AbortSlowAckConsumerStrategyView,Broken Hierarchy
main,org.apache.activemq.broker.jmx,CompositeDataConstants,Broken Modularization
main,org.apache.activemq.broker.jmx,ConnectorView,Unutilized Abstraction
main,org.apache.activemq.broker.jmx,OpenTypeSupport,Multifaceted Abstraction
main,org.apache.activemq.broker.jmx,OpenTypeSupport,Cyclic-Dependent Modularization
main,org.apache.activemq.broker.jmx,OpenTypeSupport,Insufficient Modularization
main,org.apache.activemq.broker.jmx,AbstractOpenTypeFactory,Unutilized Abstraction
main,org.apache.activemq.broker.jmx,MessageOpenTypeFactory,Imperative Abstraction
main,org.apache.activemq.broker.jmx,MessageOpenTypeFactory,Unutilized Abstraction
main,org.apache.activemq.broker.jmx,ByteMessageOpenTypeFactory,Unutilized Abstraction
main,org.apache.activemq.broker.jmx,MapMessageOpenTypeFactory,Unutilized Abstraction
main,org.apache.activemq.broker.jmx,ObjectMessageOpenTypeFactory,Unutilized Abstraction
main,org.apache.activemq.broker.jmx,StreamMessageOpenTypeFactory,Unutilized Abstraction
main,org.apache.activemq.broker.jmx,TextMessageOpenTypeFactory,Unutilized Abstraction
main,org.apache.activemq.broker.jmx,JobOpenTypeFactory,Unutilized Abstraction
main,org.apache.activemq.broker.jmx,ActiveMQBlobMessageOpenTypeFactory,Unutilized Abstraction
main,org.apache.activemq.broker.jmx,SlowConsumerEntryOpenTypeFactory,Unutilized Abstraction
main,org.apache.activemq.broker.jmx,HealthStatusOpenTypeFactory,Unutilized Abstraction
main,org.apache.activemq.broker.jmx,DestinationViewMBean,Unutilized Abstraction
main,org.apache.activemq.broker.jmx,DestinationViewMBean,Insufficient Modularization
main,org.apache.activemq.broker.jmx,RecoveredXATransactionViewMBean,Unutilized Abstraction
main,org.apache.activemq.broker.jmx,ProxyConnectorView,Unutilized Abstraction
main,org.apache.activemq.broker.jmx,ProxyConnectorView,Broken Hierarchy
main,org.apache.activemq.broker.jmx,JmsConnectorViewMBean,Unnecessary Abstraction
main,org.apache.activemq.broker.jmx,JmsConnectorViewMBean,Unutilized Abstraction
main,org.apache.activemq.broker.jmx,AbortSlowConsumerStrategyViewMBean,Unutilized Abstraction
main,org.apache.activemq.broker.jmx,InactiveDurableSubscriptionView,Unutilized Abstraction
main,org.apache.activemq.broker.jmx,InactiveDurableSubscriptionView,Multipath Hierarchy
main,org.apache.activemq.broker.jmx,SubscriptionView,Cyclic-Dependent Modularization
main,org.apache.activemq.broker.jmx,SubscriptionView,Insufficient Modularization
main,org.apache.activemq.broker.jmx,DurableSubscriptionView,Cyclic-Dependent Modularization
main,org.apache.activemq.broker.jmx,VirtualDestinationSelectorCacheViewMBean,Unutilized Abstraction
main,org.apache.activemq.broker.jmx,HealthView,Unutilized Abstraction
main,org.apache.activemq.broker.jmx,TopicSubscriptionViewMBean,Unutilized Abstraction
main,org.apache.activemq.broker.jmx,NetworkConnectorView,Unutilized Abstraction
main,org.apache.activemq.broker.jmx,NetworkConnectorView,Insufficient Modularization
main,org.apache.activemq.broker.jmx,ManagedTempQueueRegion,Unutilized Abstraction
main,org.apache.activemq.broker.jmx,RecoveredXATransactionView,Unutilized Abstraction
main,org.apache.activemq.broker.jmx,RecoveredXATransactionView,Cyclic-Dependent Modularization
main,org.apache.activemq.broker.jmx,DestinationsViewFilter,Cyclic-Dependent Modularization
main,org.apache.activemq.broker.jmx,PersistenceAdapterViewMBean,Unutilized Abstraction
main,org.apache.activemq.broker.jmx,AbortSlowConsumerStrategyView,Unutilized Abstraction
main,org.apache.activemq.broker.jmx,AbortSlowConsumerStrategyView,Cyclic-Dependent Modularization
main,org.apache.activemq.broker.jmx,VirtualDestinationSelectorCacheView,Unutilized Abstraction
main,org.apache.activemq.broker.jmx,VirtualDestinationSelectorCacheView,Cyclic-Dependent Modularization
main,org.apache.activemq.broker.jmx,QueueViewMBean,Unutilized Abstraction
main,org.apache.activemq.broker.jmx,QueueViewMBean,Broken Hierarchy
main,org.apache.activemq.broker.jmx,ManagedQueueRegion,Unutilized Abstraction
main,org.apache.activemq.broker.jmx,SubscriptionViewMBean,Insufficient Modularization
main,org.apache.activemq.broker.jmx,Log4JConfigViewMBean,Unutilized Abstraction
main,org.apache.activemq.broker.jmx,NetworkBridgeView,Cyclic-Dependent Modularization
main,org.apache.activemq.broker.jmx,BrokerMBeanSupport,Cyclic-Dependent Modularization
main,org.apache.activemq.broker.jmx,BrokerMBeanSupport,Insufficient Modularization
main,org.apache.activemq.broker.jmx,BrokerView,Cyclic-Dependent Modularization
main,org.apache.activemq.broker.jmx,BrokerView,Insufficient Modularization
main,org.apache.activemq.broker.jmx,TopicView,Unutilized Abstraction
main,org.apache.activemq.broker.jmx,TopicView,Broken Hierarchy
main,org.apache.activemq.broker.jmx,ManagedTransportConnection,Unutilized Abstraction
main,org.apache.activemq.broker.jmx,TopicSubscriptionView,Unutilized Abstraction
main,org.apache.activemq.broker.jmx,DestinationView,Unutilized Abstraction
main,org.apache.activemq.broker.jmx,DestinationView,Cyclic-Dependent Modularization
main,org.apache.activemq.broker.jmx,DestinationView,Insufficient Modularization
main,org.apache.activemq.broker.jmx,ManagedRegionBroker,Cyclic-Dependent Modularization
main,org.apache.activemq.broker.jmx,ManagedRegionBroker,Insufficient Modularization
main,org.apache.activemq.broker.jmx,NetworkDestinationViewMBean,Unutilized Abstraction
main,org.apache.activemq.broker.jmx,Log4JConfigView,Unutilized Abstraction
main,org.apache.activemq.broker.jmx,JobSchedulerView,Unutilized Abstraction
main,org.apache.activemq.broker.jmx,ManagedTopicRegion,Unutilized Abstraction
main,org.apache.activemq.broker.jmx,TopicViewMBean,Unnecessary Abstraction
main,org.apache.activemq.broker.jmx,TopicViewMBean,Unutilized Abstraction
main,org.apache.activemq.broker.jmx,ProxyConnectorViewMBean,Unnecessary Abstraction
main,org.apache.activemq.broker.jmx,ProxyConnectorViewMBean,Unutilized Abstraction
main,org.apache.activemq.broker.jmx,ConnectionView,Unutilized Abstraction
main,org.apache.activemq.broker.jmx,BrokerViewMBean,Insufficient Modularization
main,org.apache.activemq.broker.cluster,ConnectionSplitBroker,Unutilized Abstraction
main,org.apache.activemq.broker.util,InsertionCountList,Unutilized Abstraction
main,org.apache.activemq.broker.util,DestinationsPlugin,Unutilized Abstraction
main,org.apache.activemq.broker.util,DefaultAuditLogFactory,Unutilized Abstraction
main,org.apache.activemq.broker.util,JMXAuditLogEntry,Unutilized Abstraction
main,org.apache.activemq.broker.util,JMXAuditLogEntry,Broken Hierarchy
main,org.apache.activemq.broker.util,DestinationPathSeparatorBroker,Unutilized Abstraction
main,org.apache.activemq.broker.util,UDPTraceBrokerPlugin,Unutilized Abstraction
main,org.apache.activemq.broker.util,UDPTraceBrokerPlugin,Insufficient Modularization
main,org.apache.activemq.broker.util,MulticastTraceBrokerPlugin,Unutilized Abstraction
main,org.apache.activemq.broker.util,MulticastTraceBrokerPlugin,Broken Hierarchy
main,org.apache.activemq.broker.util,TimeStampingBrokerPlugin,Unutilized Abstraction
main,org.apache.activemq.broker.util,LoggingBrokerPlugin,Unutilized Abstraction
main,org.apache.activemq.broker.util,LoggingBrokerPlugin,Insufficient Modularization
main,org.apache.activemq.broker.util,RedeliveryPlugin,Unutilized Abstraction
main,org.apache.activemq.broker.util,RedeliveryPlugin,Deficient Encapsulation
main,org.apache.activemq.broker.util,TraceBrokerPathPlugin,Unutilized Abstraction
main,org.apache.activemq.broker.util,DefaultAuditLog,Unutilized Abstraction
main,org.apache.activemq.usage,StoreUsage,Broken Hierarchy
main,org.apache.activemq.usage,StoreUsage,Cyclic-Dependent Modularization
main,org.apache.activemq.usage,TempUsage,Broken Hierarchy
main,org.apache.activemq.usage,SystemUsage,Cyclic-Dependent Modularization
main,org.apache.activemq.usage,SystemUsage,Insufficient Modularization
main,org.apache.activemq.transaction,LocalTransaction,Unutilized Abstraction
main,org.apache.activemq.transaction,Transaction,Deficient Encapsulation
main,org.apache.activemq.transaction,Transaction,Insufficient Modularization
main,org.apache.activemq.transaction,XATransaction,Cyclic-Dependent Modularization
main,org.apache.activemq.store,PersistenceAdapter,Cyclic-Dependent Modularization
main,org.apache.activemq.store,ProxyTopicMessageStore,Insufficient Modularization
main,org.apache.activemq.store,MessageStore,Cyclic-Dependent Modularization
main,org.apache.activemq.store,AbstractMessageStore,Unutilized Abstraction
main,org.apache.activemq.store,AbstractMessageStore,Deficient Encapsulation
main,org.apache.activemq.store,AbstractMessageStore,Insufficient Modularization
main,org.apache.activemq.store,InlineListenableFuture,Unutilized Abstraction
main,org.apache.activemq.store,TopicReferenceStore,Unutilized Abstraction
main,org.apache.activemq.store,TopicReferenceStore,Rebellious Hierarchy
main,org.apache.activemq.store,MessageStoreSubscriptionStatistics,Cyclic-Dependent Modularization
main,org.apache.activemq.store,SubscriptionStatistics,Broken Hierarchy
main,org.apache.activemq.store,SubscriptionStatistics,Cyclic-Dependent Modularization
main,org.apache.activemq.store,ProxyMessageStore,Insufficient Modularization
main,org.apache.activemq.store,JournaledStore,Unutilized Abstraction
main,org.apache.activemq.store,NoLocalSubscriptionAware,Unutilized Abstraction
main,org.apache.activemq.store,PListIterator,Unutilized Abstraction
main,org.apache.activemq.store,AlwaysMatches,Unutilized Abstraction
main,org.apache.activemq.store,IndexListener,Deficient Encapsulation
main,org.apache.activemq.store,IndexListener,Cyclic-Dependent Modularization
main,org.apache.activemq.store,MessageContext,Deficient Encapsulation
main,org.apache.activemq.store,MessageContext,Cyclic-Dependent Modularization
main,org.apache.activemq.store,TopicMessageStore,Cyclic-Dependent Modularization
main,org.apache.activemq.store,ReferenceStore,Unutilized Abstraction
main,org.apache.activemq.store,ReferenceStore,Broken Hierarchy
main,org.apache.activemq.store,ReferenceStore,Rebellious Hierarchy
main,org.apache.activemq.store,TransactionIdTransformerAware,Unutilized Abstraction
main,org.apache.activemq.store,SharedFileLocker,Unutilized Abstraction
main,org.apache.activemq.store,SharedFileLocker,Deficient Encapsulation
main,org.apache.activemq.store.memory,MemoryPersistenceAdapter,Unutilized Abstraction
main,org.apache.activemq.store.memory,MemoryPersistenceAdapter,Insufficient Modularization
main,org.apache.activemq.store.memory,MemoryTransactionStore,Deficient Encapsulation
main,org.apache.activemq.store.memory,MemoryTransactionStore,Insufficient Modularization
main,org.apache.activemq.store.memory,Tx,Deficient Encapsulation
main,org.apache.activemq.transport,TransportLogger,Cyclic-Dependent Modularization
main,org.apache.activemq.transport,TransportLoggerView,Unutilized Abstraction
main,org.apache.activemq.transport,TransportLoggerView,Cyclic-Dependent Modularization
main,org.apache.activemq.transport,TransportLoggerControlMBean,Unutilized Abstraction
main,org.apache.activemq.transport,TransportLoggerControl,Unutilized Abstraction
main,org.apache.activemq.transport,TransportLoggerFactorySPI,Unutilized Abstraction
main,org.apache.activemq.transport,TransportFactorySupport,Cyclic-Dependent Modularization
main,org.apache.activemq.transport,TransportLoggerFactory,Deficient Encapsulation
main,org.apache.activemq.transport,TransportLoggerViewMBean,Unutilized Abstraction
main,org.apache.activemq.transport.vm,VMTransportServer,Cyclic-Dependent Modularization
main,org.apache.activemq.transport.vm,VMTransportFactory,Deficient Encapsulation
main,org.apache.activemq.transport.vm,VMTransportFactory,Cyclic-Dependent Modularization
main,org.apache.activemq.transport.vm,VMTransport,Insufficient Modularization
main,org.apache.activemq.transport.logwriters,DefaultLogWriter,Unutilized Abstraction
main,org.apache.activemq.transport.peer,PeerTransportFactory,Unutilized Abstraction
main,org.apache.activemq.transport.peer,PeerTransportFactory,Deficient Encapsulation
main,org.apache.activemq.transport.auto,AutoTcpTransportServer,Deficient Encapsulation
main,org.apache.activemq.transport.auto,ProtocolInfo,Deficient Encapsulation
main,org.apache.activemq.transport.auto,AutoSslTransportServer,Broken Hierarchy
main,org.apache.activemq.transport.auto,AutoTransportUtils,Deficient Encapsulation
main,org.apache.activemq.transport.auto,AutoSslTransportFactory,Unutilized Abstraction
main,org.apache.activemq.transport.auto,AutoTcpTransportFactory,Unutilized Abstraction
main,org.apache.activemq.transport.auto.nio,AutoNioTransportFactory,Unutilized Abstraction
main,org.apache.activemq.transport.auto.nio,AutoNIOTransport,Unutilized Abstraction
main,org.apache.activemq.transport.auto.nio,AutoNioSslTransportFactory,Unutilized Abstraction
main,org.apache.activemq.transport.auto.nio,AutoNIOSSLTransportServer,Unutilized Abstraction
main,org.apache.activemq.transport.protocol,OpenWireProtocolVerifier,Unutilized Abstraction
main,org.apache.activemq.transport.protocol,MqttProtocolVerifier,Unutilized Abstraction
main,org.apache.activemq.transport.protocol,StompProtocolVerifier,Unutilized Abstraction
main,org.apache.activemq.transport.protocol,AmqpProtocolVerifier,Unutilized Abstraction
main,org.apache.activemq.transport.protocol,ProtocolVerifier,Unutilized Abstraction
main,org.apache.activemq.filter,JAXPXPathEvaluator,Unutilized Abstraction
main,org.apache.activemq.filter,XalanXPathEvaluator,Unutilized Abstraction
main,org.apache.activemq.network,DiscoveryNetworkConnector,Unutilized Abstraction
main,org.apache.activemq.network,DiscoveryNetworkConnector,Broken Hierarchy
main,org.apache.activemq.network,DiscoverNetworkBridgeListener,Unutilized Abstraction
main,org.apache.activemq.network,MBeanNetworkListener,Cyclic-Dependent Modularization
main,org.apache.activemq.network,DemandForwardingBridgeSupport,Cyclic-Dependent Modularization
main,org.apache.activemq.network,DemandForwardingBridgeSupport,Insufficient Modularization
main,org.apache.activemq.network,DemandForwardingBridge,Broken Hierarchy
main,org.apache.activemq.network,DefaultNetworkBridgeFilterFactory,Unutilized Abstraction
main,org.apache.activemq.network,NetworkConnector,Broken Hierarchy
main,org.apache.activemq.network,NetworkConnector,Cyclic-Dependent Modularization
main,org.apache.activemq.network,NetworkConnector,Insufficient Modularization
main,org.apache.activemq.network,DurableConduitBridge,Unutilized Abstraction
main,org.apache.activemq.network,DurableConduitBridge,Broken Hierarchy
main,org.apache.activemq.network,NetworkBridgeConfiguration,Insufficient Modularization
main,org.apache.activemq.network,DemandSubscription,Insufficient Modularization
main,org.apache.activemq.network,ForwardingBridge,Unutilized Abstraction
main,org.apache.activemq.network,ForwardingBridge,Insufficient Modularization
main,org.apache.activemq.network,NetworkBridge,Cyclic-Dependent Modularization
main,org.apache.activemq.network,MulticastNetworkConnector,Unutilized Abstraction
main,org.apache.activemq.network,MulticastNetworkConnector,Broken Hierarchy
main,org.apache.activemq.network,ConduitBridge,Unutilized Abstraction
main,org.apache.activemq.network,ConduitBridge,Broken Hierarchy
main,org.apache.activemq.network,LdapNetworkConnector,Unutilized Abstraction
main,org.apache.activemq.network,MBeanBridgeDestination,Cyclic-Dependent Modularization
main,org.apache.activemq.network,NetworkBridgeListener,Cyclic-Dependent Modularization
main,org.apache.activemq.network,ConditionalNetworkBridgeFilterFactory,Unutilized Abstraction
main,org.apache.activemq.network,CompositeDemandForwardingBridge,Broken Hierarchy
main,org.apache.activemq.network.jms,InboundTopicBridge,Unutilized Abstraction
main,org.apache.activemq.network.jms,InboundTopicBridge,Broken Hierarchy
main,org.apache.activemq.network.jms,JmsConnector,Cyclic-Dependent Modularization
main,org.apache.activemq.network.jms,JmsConnector,Insufficient Modularization
main,org.apache.activemq.network.jms,TopicBridge,Unutilized Abstraction
main,org.apache.activemq.network.jms,ReconnectionPolicy,Deficient Encapsulation
main,org.apache.activemq.network.jms,QueueBridge,Unutilized Abstraction
main,org.apache.activemq.network.jms,OutboundTopicBridge,Unutilized Abstraction
main,org.apache.activemq.network.jms,OutboundTopicBridge,Broken Hierarchy
main,org.apache.activemq.network.jms,InboundQueueBridge,Unutilized Abstraction
main,org.apache.activemq.network.jms,InboundQueueBridge,Broken Hierarchy
main,org.apache.activemq.network.jms,OutboundQueueBridge,Unutilized Abstraction
main,org.apache.activemq.network.jms,OutboundQueueBridge,Broken Hierarchy
main,org.apache.activemq.network.jms,SimpleJmsTopicConnector,Unutilized Abstraction
main,org.apache.activemq.network.jms,SimpleJmsTopicConnector,Broken Hierarchy
main,org.apache.activemq.network.jms,SimpleJmsMessageConvertor,Unutilized Abstraction
main,org.apache.activemq.network.jms,SimpleJmsQueueConnector,Unutilized Abstraction
main,org.apache.activemq.network.jms,SimpleJmsQueueConnector,Broken Hierarchy
main,org.apache.activemq.network.jms,DestinationBridge,Cyclic-Dependent Modularization
main,org.apache.activemq.advisory,VirtualDestinationMatcher,Cyclic-Dependent Modularization
main,org.apache.activemq.advisory,DestinationFilterVirtualDestinationMatcher,Unutilized Abstraction
main,org.apache.activemq.advisory,AdvisoryBroker,Cyclic-Dependent Modularization
main,org.apache.activemq.advisory,AdvisoryBroker,Insufficient Modularization
main,org.apache.activemq.advisory,VirtualConsumerPair,Cyclic-Dependent Modularization
main,org.apache.activemq.plugin,ForcePersistencyModeBroker,Deficient Encapsulation
main,org.apache.activemq.plugin,StatisticsBrokerPlugin,Unutilized Abstraction
main,org.apache.activemq.plugin,DiscardingDLQBroker,Deficient Encapsulation
main,org.apache.activemq.plugin,DiscardingDLQBrokerPlugin,Unutilized Abstraction
main,org.apache.activemq.plugin,DiscardingDLQBrokerPlugin,Deficient Encapsulation
main,org.apache.activemq.plugin,ForcePersistencyModeBrokerPlugin,Unutilized Abstraction
main,org.apache.activemq.plugin,SubQueueSelectorCacheBrokerPlugin,Unutilized Abstraction
main,org.apache.activemq.plugin,SubQueueSelectorCacheBroker,Deficient Encapsulation
main,org.apache.activemq.plugin,SubQueueSelectorCacheBroker,Cyclic-Dependent Modularization
main,org.apache.activemq.util,Handler,Unutilized Abstraction
main,org.apache.activemq.util,NetworkBridgeUtils,Cyclic-Dependent Modularization
main,org.apache.activemq.util,WrappedException,Unutilized Abstraction
main,org.apache.activemq.util,TransactionTemplate,Unutilized Abstraction
main,org.apache.activemq.util,Promise,Unutilized Abstraction
main,org.apache.activemq.util,MemoryPropertyEditor,Unutilized Abstraction
main,org.apache.activemq.util,SubscriptionKey,Deficient Encapsulation
main,org.apache.activemq.util,MemoryIntPropertyEditor,Unutilized Abstraction
main,org.apache.activemq.util,LeaseLockerIOExceptionHandler,Unutilized Abstraction
main,org.apache.activemq.util,LeaseLockerIOExceptionHandler,Broken Hierarchy
main,org.apache.activemq.util,ThreadTracker,Unutilized Abstraction
main,org.apache.activemq.util,Trace,Unutilized Abstraction
main,org.apache.activemq.util,Trace,Deficient Encapsulation
main,org.apache.activemq.util,Tracker,Unutilized Abstraction
main,org.apache.activemq.util,BrokerSupport,Cyclic-Dependent Modularization
main,org.apache.activemq.util,BooleanEditor,Unutilized Abstraction
main,org.apache.activemq.util,DefaultIOExceptionHandler,Unutilized Abstraction
main,org.apache.activemq.util,DefaultIOExceptionHandler,Insufficient Modularization
main,org.apache.activemq.util.osgi,Activator,Unutilized Abstraction
main,org.apache.activemq.security,MessageAuthorizationPolicy,Cyclic-Dependent Modularization
main,org.apache.activemq.security,AuthorizationBroker,Unutilized Abstraction
main,org.apache.activemq.security,AuthorizationBroker,Insufficient Modularization
main,org.apache.activemq.security,JaasCertificateSecurityContext,Unutilized Abstraction
main,org.apache.activemq.security,AuthenticationBroker,Unutilized Abstraction
main,org.apache.activemq.security,JaasCertificateAuthenticationPlugin,Unutilized Abstraction
main,org.apache.activemq.security,JaasAuthenticationPlugin,Unutilized Abstraction
main,org.apache.activemq.security,JaasAuthenticationBroker,Unutilized Abstraction
main,org.apache.activemq.security,JaasAuthenticationBroker,Broken Hierarchy
main,org.apache.activemq.security,JaasSecurityContext,Unutilized Abstraction
main,org.apache.activemq.security,SecurityAdminMBean,Unutilized Abstraction
main,org.apache.activemq.security,LDAPAuthorizationMap,Unutilized Abstraction
main,org.apache.activemq.security,LDAPAuthorizationMap,Deficient Encapsulation
main,org.apache.activemq.security,LDAPAuthorizationMap,Insufficient Modularization
main,org.apache.activemq.security,SimpleAuthorizationMap,Unutilized Abstraction
main,org.apache.activemq.security,AbstractAuthenticationBroker,Unutilized Abstraction
main,org.apache.activemq.security,AbstractAuthenticationBroker,Broken Hierarchy
main,org.apache.activemq.security,AuthorizationPlugin,Unutilized Abstraction
main,org.apache.activemq.security,AuthorizationEntry,Cyclic-Dependent Modularization
main,org.apache.activemq.security,SecurityContext,Deficient Encapsulation
main,org.apache.activemq.security,JaasDualAuthenticationPlugin,Unutilized Abstraction
main,org.apache.activemq.security,SimpleCachedLDAPAuthorizationMap,Unutilized Abstraction
main,org.apache.activemq.security,SimpleCachedLDAPAuthorizationMap,Insufficient Modularization
main,org.apache.activemq.security,CachedLDAPAuthorizationMapNamespaceChangeListener,Unutilized Abstraction
main,org.apache.activemq.security,TempDestinationAuthorizationEntry,Broken Hierarchy
main,org.apache.activemq.security,JaasDualAuthenticationBroker,Unutilized Abstraction
main,org.apache.activemq.security,AuthorizationDestinationFilter,Unutilized Abstraction
main,org.apache.activemq.security,SimpleAuthenticationBroker,Unutilized Abstraction
main,org.apache.activemq.security,SimpleAuthenticationBroker,Broken Hierarchy
main,org.apache.activemq.security,AuthorizationDestinationInterceptor,Unutilized Abstraction
main,org.apache.activemq.security,DefaultAuthorizationMap,Deficient Encapsulation
main,org.apache.activemq.security,DefaultAuthorizationMap,Cyclic-Dependent Modularization
main,org.apache.activemq.security,DefaultAuthorizationMap,Insufficient Modularization
main,org.apache.activemq.security,WildcardAwareSet,Unutilized Abstraction
main,org.apache.activemq.security,JaasCertificateAuthenticationBroker,Unutilized Abstraction
main,org.apache.activemq.security,SimpleAuthenticationPlugin,Unutilized Abstraction
