Project Name,Package Name,Type Name,NOF,NOPF,NOM,NOPM,LOC,WMC,NC,DIT,LCOM,FANIN,FANOUT
main,org.apache.activemq.memory,UsageManagerCacheFilter,2,0,6,4,39,8,0,2,0.0,0,1
main,org.apache.activemq.memory,Cache,0,0,5,0,32,5,2,0,-1.0,2,0
main,org.apache.activemq.memory,MapCache,1,0,7,7,27,7,0,1,0.2857142857142857,0,0
main,org.apache.activemq.memory,CacheEvictor,0,0,1,0,3,1,0,0,-1.0,1,0
main,org.apache.activemq.memory,CacheEntry,5,5,2,2,27,3,0,0,0.0,2,2
main,org.apache.activemq.memory,CacheFilter,1,0,6,6,24,6,1,1,0.0,0,1
main,org.apache.activemq.memory,LRUMap,4,0,4,3,22,4,0,0,0.0,2,0
main,org.apache.activemq.memory,CacheEvictionUsageListener,6,0,6,5,48,10,0,0,0.0,0,1
main,org.apache.activemq.memory,CacheEntryList,1,1,8,7,53,8,0,0,0.0,1,1
main,org.apache.activemq.memory.list,SimpleMessageList,4,0,8,8,62,11,0,1,0.25,0,1
main,org.apache.activemq.memory.list,DestinationBasedMessageList,4,0,7,7,51,9,0,1,0.42857142857142855,0,3
main,org.apache.activemq.memory.list,MessageList,0,0,4,0,16,4,2,0,-1.0,1,0
main,org.apache.activemq.memory.buffer,MessageBuffer,0,0,4,0,17,4,2,0,-1.0,2,1
main,org.apache.activemq.memory.buffer,OrderBasedMessageBuffer,4,0,6,6,49,8,0,1,0.5,0,1
main,org.apache.activemq.memory.buffer,MessageQueue,5,0,10,10,77,12,0,0,0.2,4,1
main,org.apache.activemq.memory.buffer,SizeBasedMessageBuffer,4,0,9,6,87,15,0,1,0.2222222222222222,0,1
main,org.apache.activemq.broker,EmptyBroker,0,0,68,68,168,68,0,1,-1.0,0,7
main,org.apache.activemq.broker,TransportConnectionState,4,0,10,10,39,10,0,0,0.4,4,2
main,org.apache.activemq.broker,InsertableMutableBrokerFilter,1,0,2,2,17,2,0,3,0.0,0,1
main,org.apache.activemq.broker,PropertiesBrokerFactory,0,0,5,1,63,10,0,1,-1.0,0,1
main,org.apache.activemq.broker,TransportStatusDetector,6,0,9,5,88,17,0,0,0.0,1,2
main,org.apache.activemq.broker,BrokerFactoryHandler,0,0,1,0,6,1,2,0,-1.0,2,0
main,org.apache.activemq.broker,BrokerFactory,2,0,9,8,72,12,0,0,0.3333333333333333,2,3
main,org.apache.activemq.broker,ProducerBrokerExchange,15,0,31,30,197,38,0,0,0.06451612903225806,38,6
main,org.apache.activemq.broker,FlowControlInfo,4,0,9,9,39,10,0,0,0.0,1,0
main,org.apache.activemq.broker,BrokerService,119,6,297,251,2619,513,1,0,0.08754208754208755,50,48
main,org.apache.activemq.broker,BrokerContextAware,0,0,2,0,7,2,0,0,-1.0,0,1
main,org.apache.activemq.broker,BrokerRegistry,4,0,7,7,71,11,0,0,0.2857142857142857,6,2
main,org.apache.activemq.broker,BrokerContext,0,0,3,0,8,3,0,0,-1.0,2,0
main,org.apache.activemq.broker,DefaultBrokerFactory,0,0,1,1,31,6,0,1,-1.0,0,1
main,org.apache.activemq.broker,SingleTransportConnectionStateRegister,2,0,13,13,91,22,0,1,0.15384615384615385,0,2
main,org.apache.activemq.broker,BrokerServiceAware,0,0,1,0,6,1,2,0,-1.0,1,1
main,org.apache.activemq.broker,BrokerPlugin,0,0,1,0,9,1,1,0,-1.0,1,1
main,org.apache.activemq.broker,ConnectionContext,23,0,51,50,250,53,0,0,0.058823529411764705,119,7
main,org.apache.activemq.broker,PublishedAddressPolicy,4,0,16,12,155,25,0,0,0.125,1,1
main,org.apache.activemq.broker,Lockable,0,0,5,4,28,5,1,0,-1.0,0,1
main,org.apache.activemq.broker,Connector,0,0,9,4,39,9,1,0,-1.0,3,0
main,org.apache.activemq.broker,BrokerBroadcaster,1,0,27,25,187,50,0,2,0.07407407407407407,0,7
main,org.apache.activemq.broker,SslBrokerService,0,0,3,2,56,4,0,1,-1.0,0,1
main,org.apache.activemq.broker,Connection,0,0,20,2,83,20,1,0,-1.0,12,0
main,org.apache.activemq.broker,Locker,0,0,6,4,33,6,1,0,-1.0,3,2
main,org.apache.activemq.broker,AbstractLocker,5,1,6,6,25,6,0,1,0.8333333333333334,0,1
main,org.apache.activemq.broker,ConsumerBrokerExchange,5,0,10,10,70,10,0,0,0.5,12,4
main,org.apache.activemq.broker,SuppressReplyException,0,0,3,3,14,3,0,0,-1.0,0,0
main,org.apache.activemq.broker,TransportConnection,43,0,118,89,1386,266,0,1,0.09322033898305085,5,18
main,org.apache.activemq.broker,ErrorBroker,1,0,69,69,213,69,0,1,0.08695652173913043,0,7
main,org.apache.activemq.broker,BrokerPluginSupport,1,0,4,4,21,4,0,3,0.75,0,1
main,org.apache.activemq.broker,TransactionBroker,6,0,24,21,256,46,0,2,0.0,1,9
main,org.apache.activemq.broker,PreparedDestinationCompletion,3,0,6,6,36,8,0,0,0.0,0,1
main,org.apache.activemq.broker,MutableBrokerFilter,1,0,4,4,22,5,2,2,0.0,2,1
main,org.apache.activemq.broker,MapTransportConnectionStateRegister,1,0,13,13,70,18,0,1,0.15384615384615385,0,2
main,org.apache.activemq.broker,BrokerStoppedException,1,0,4,4,19,4,0,0,1.0,0,0
main,org.apache.activemq.broker,BrokerFilter,1,0,70,70,216,70,5,1,0.0,0,8
main,org.apache.activemq.broker,CompositeDestinationBroker,0,0,4,4,62,11,0,2,-1.0,0,3
main,org.apache.activemq.broker,Broker,0,0,52,1,274,52,3,0,-1.0,91,5
main,org.apache.activemq.broker,UserIDBroker,1,0,4,4,35,9,0,2,0.5,1,4
main,org.apache.activemq.broker,LockableServiceSupport,7,0,17,15,129,30,0,1,0.11764705882352941,2,2
main,org.apache.activemq.broker,TransportConnector,26,0,69,62,488,105,0,1,0.057971014492753624,9,11
main,org.apache.activemq.broker,TransportConnectionStateRegister,0,0,13,0,17,13,2,0,-1.0,4,2
main,org.apache.activemq.broker.view,MessageBrokerView,2,0,20,20,207,33,0,0,0.1,1,3
main,org.apache.activemq.broker.view,DestinationDotFilePlugin,1,0,3,3,19,3,0,0,0.0,0,1
main,org.apache.activemq.broker.view,ConnectionDotFilePlugin,2,0,3,3,20,3,0,0,0.0,0,1
main,org.apache.activemq.broker.view,DotFileInterceptorSupport,2,0,3,1,22,3,2,0,0.0,0,1
main,org.apache.activemq.broker.view,DestinationDotFileInterceptor,1,0,7,3,117,13,0,1,0.2857142857142857,0,3
main,org.apache.activemq.broker.view,ConnectionDotFileInterceptor,8,0,16,6,242,34,0,1,0.125,0,6
main,org.apache.activemq.broker.view,MessageBrokerViewRegistry,3,0,2,2,26,4,0,0,1.0,1,3
main,org.apache.activemq.broker.view,BrokerDestinationView,1,0,24,23,144,24,0,0,0.0,1,1
main,org.apache.activemq.broker.inteceptor,MessageInterceptor,0,0,1,0,3,1,0,0,-1.0,2,1
main,org.apache.activemq.broker.inteceptor,MessageInterceptorFilter,1,0,11,1,72,15,0,0,0.2727272727272727,1,4
main,org.apache.activemq.broker.inteceptor,MessageInterceptorRegistry,5,0,15,12,73,17,0,0,0.2,1,8
main,org.apache.activemq.broker.region,SubscriptionStatistics,5,0,10,10,75,12,0,0,0.2,2,1
main,org.apache.activemq.broker.region,SubscriptionRecovery,0,0,2,0,17,2,1,0,-1.0,8,1
main,org.apache.activemq.broker.region,TempTopic,1,0,3,3,29,5,0,3,0.6666666666666666,0,5
main,org.apache.activemq.broker.region,DestinationFactoryImpl,4,0,10,8,106,25,0,1,0.0,0,11
main,org.apache.activemq.broker.region,NullMessageReference,2,0,26,26,85,26,0,1,0.8846153846153846,0,1
main,org.apache.activemq.broker.region,Queue,48,0,130,91,1899,355,1,2,0.08461538461538462,14,22
main,org.apache.activemq.broker.region,TimeoutMessage,3,0,3,3,28,5,0,0,0.0,0,1
main,org.apache.activemq.broker.region,FlowControlTimeoutTask,0,0,1,1,22,4,0,0,-1.0,0,0
main,org.apache.activemq.broker.region,QueueThread,1,0,1,1,7,1,0,0,0.0,0,1
main,org.apache.activemq.broker.region,BatchMessageRecoveryListener,4,0,8,7,60,12,0,0,0.375,0,1
main,org.apache.activemq.broker.region,BrowserDispatch,1,0,2,2,10,2,0,0,0.0,0,1
main,org.apache.activemq.broker.region,CursorAddSync,1,0,3,2,20,4,0,0,0.0,0,1
main,org.apache.activemq.broker.region,AbstractTempRegion,8,0,10,5,101,19,2,2,0.0,0,7
main,org.apache.activemq.broker.region,CachedDestination,2,0,3,2,18,4,0,0,0.0,2,1
main,org.apache.activemq.broker.region,LockOwner,1,0,4,2,13,4,1,0,-1.0,5,1
main,org.apache.activemq.broker.region,DestinationFilter,1,0,70,69,242,76,0,1,0.02857142857142857,15,9
main,org.apache.activemq.broker.region,QueueDispatchSelector,3,0,8,8,40,9,0,0,0.25,1,1
main,org.apache.activemq.broker.region,ConnectorStatistics,5,0,10,10,69,11,0,0,0.0,3,1
main,org.apache.activemq.broker.region,BaseDestination,52,6,103,94,649,134,2,1,0.20388349514563106,4,11
main,org.apache.activemq.broker.region,TempQueueRegion,0,0,5,4,27,7,0,3,-1.0,0,5
main,org.apache.activemq.broker.region,TopicSubscription,20,0,54,44,613,133,0,3,0.12962962962962962,7,6
main,org.apache.activemq.broker.region,AbstractSubscription,14,0,44,42,215,54,2,2,0.25,1,6
main,org.apache.activemq.broker.region,AbstractRegion,14,0,33,23,522,92,3,1,0.09090909090909091,0,14
main,org.apache.activemq.broker.region,CompositeDestinationInterceptor,1,0,6,6,31,9,0,1,0.0,1,4
main,org.apache.activemq.broker.region,QueueBrowserSubscription,6,0,13,10,60,16,0,5,0.6153846153846154,4,5
main,org.apache.activemq.broker.region,QueueSubscription,1,0,8,5,48,10,1,4,1.0,2,6
main,org.apache.activemq.broker.region,PrefetchSubscription,10,0,48,36,687,157,2,3,0.20833333333333334,1,6
main,org.apache.activemq.broker.region,PendingMarshalUsageTracker,2,0,2,2,16,4,0,0,0.0,0,0
main,org.apache.activemq.broker.region,Topic,11,0,51,40,642,144,1,2,0.27450980392156865,17,14
main,org.apache.activemq.broker.region,TempTopicRegion,1,0,4,3,40,8,0,3,1.0,0,7
main,org.apache.activemq.broker.region,QueueMessageReference,1,0,8,0,15,8,2,0,-1.0,9,2
main,org.apache.activemq.broker.region,Destination,2,2,61,15,126,61,2,0,-1.0,69,4
main,org.apache.activemq.broker.region,ConnectionStatistics,2,0,6,6,39,7,0,0,0.0,1,1
main,org.apache.activemq.broker.region,TempQueue,2,0,4,4,45,6,0,3,0.5,0,5
main,org.apache.activemq.broker.region,DestinationStatistics,14,0,19,19,161,21,0,0,0.0,20,1
main,org.apache.activemq.broker.region,TopicRegion,7,0,22,16,327,73,0,2,0.18181818181818182,2,14
main,org.apache.activemq.broker.region,DestinationFactory,0,0,6,6,21,6,1,0,-1.0,13,4
main,org.apache.activemq.broker.region,Subscription,0,0,43,2,174,43,1,1,-1.0,52,2
main,org.apache.activemq.broker.region,DestinationInterceptor,0,0,3,0,8,3,1,0,-1.0,6,3
main,org.apache.activemq.broker.region,IndirectMessageReference,5,0,29,29,135,31,0,1,0.0,1,1
main,org.apache.activemq.broker.region,DurableTopicSubscription,7,0,27,21,281,60,0,4,0.37037037037037035,13,11
main,org.apache.activemq.broker.region,RegionBroker,29,1,84,73,682,147,0,0,0.16666666666666666,18,15
main,org.apache.activemq.broker.region,Region,0,0,16,0,89,16,1,0,-1.0,4,3
main,org.apache.activemq.broker.region,RegionStatistics,3,0,8,8,53,9,0,0,0.25,2,1
main,org.apache.activemq.broker.region,QueueRegion,0,0,5,3,44,11,0,2,-1.0,0,8
main,org.apache.activemq.broker.region,MessageReferenceFilter,0,0,1,0,6,1,0,0,-1.0,1,1
main,org.apache.activemq.broker.region.virtual,VirtualDestinationInterceptor,3,0,8,7,67,16,0,0,0.375,1,5
main,org.apache.activemq.broker.region.virtual,MappedQueueFilter,1,0,6,5,55,14,0,0,0.5,0,7
main,org.apache.activemq.broker.region.virtual,FilteredDestination,3,0,11,11,75,21,0,0,0.0,3,1
main,org.apache.activemq.broker.region.virtual,VirtualTopicInterceptor,6,0,10,4,117,22,1,0,0.2,0,6
main,org.apache.activemq.broker.region.virtual,VirtualDestination,0,0,4,0,21,4,2,0,-1.0,10,1
main,org.apache.activemq.broker.region.virtual,MirroredQueue,5,0,13,11,95,21,0,0,0.15384615384615385,1,1
main,org.apache.activemq.broker.region.virtual,CompositeTopic,0,0,3,3,18,4,0,2,-1.0,0,1
main,org.apache.activemq.broker.region.virtual,CompositeDestinationFilter,3,0,4,3,81,16,0,0,0.0,0,5
main,org.apache.activemq.broker.region.virtual,SelectorAwareVirtualTopicInterceptor,3,0,5,1,72,14,0,1,0.4,0,4
main,org.apache.activemq.broker.region.virtual,CompositeDestination,4,0,19,18,128,33,2,1,0.42105263157894735,1,5
main,org.apache.activemq.broker.region.virtual,VirtualTopic,7,0,24,23,156,46,0,1,0.08333333333333333,4,5
main,org.apache.activemq.broker.region.virtual,CompositeQueue,0,0,3,3,15,3,0,2,-1.0,0,1
main,org.apache.activemq.broker.region.cursors,PendingMessageCursor,1,0,45,11,214,45,1,0,-1.0,7,3
main,org.apache.activemq.broker.region.cursors,PendingList,0,0,12,12,57,12,3,0,-1.0,8,1
main,org.apache.activemq.broker.region.cursors,AbstractStoreCursor,12,0,45,24,385,96,2,2,0.08888888888888889,1,3
main,org.apache.activemq.broker.region.cursors,QueueDispatchPendingList,8,0,22,21,139,35,0,1,0.0,2,3
main,org.apache.activemq.broker.region.cursors,TopicStorePrefetch,7,0,15,9,107,18,0,3,0.3333333333333333,1,3
main,org.apache.activemq.broker.region.cursors,PendingMessageHelper,2,0,3,3,37,5,0,0,0.0,2,1
main,org.apache.activemq.broker.region.cursors,QueueStorePrefetch,4,0,10,3,81,13,0,3,0.0,1,3
main,org.apache.activemq.broker.region.cursors,StoreDurableSubscriberCursor,9,0,33,32,301,77,0,2,0.06060606060606061,1,8
main,org.apache.activemq.broker.region.cursors,PendingNode,2,0,4,2,20,4,0,0,0.5,4,2
main,org.apache.activemq.broker.region.cursors,OrderedPendingList,7,0,21,19,163,39,0,1,0.09523809523809523,3,4
main,org.apache.activemq.broker.region.cursors,StoreQueueCursor,8,0,29,28,256,63,0,2,0.06896551724137931,0,5
main,org.apache.activemq.broker.region.cursors,PrioritizedPendingList,8,0,20,17,133,35,0,1,0.2,1,4
main,org.apache.activemq.broker.region.cursors,PrioritizedPendingListIterator,3,0,4,3,44,11,0,0,0.0,0,0
main,org.apache.activemq.broker.region.cursors,VMPendingMessageCursor,2,0,16,16,145,28,0,2,0.125,0,4
main,org.apache.activemq.broker.region.cursors,AbstractPendingMessageCursor,12,0,54,52,253,65,5,1,0.48148148148148145,5,6
main,org.apache.activemq.broker.region.cursors,FilePendingMessageCursor,14,0,35,27,432,86,0,2,0.08571428571428572,0,9
main,org.apache.activemq.broker.region.cursors,DiskIterator,1,0,5,4,32,5,0,0,0.0,0,2
main,org.apache.activemq.broker.region.group,SimpleMessageGroupMap,1,0,9,9,45,12,0,1,0.3333333333333333,0,2
main,org.apache.activemq.broker.region.group,SimpleMessageGroupMapFactory,0,0,1,1,9,1,0,1,-1.0,0,0
main,org.apache.activemq.broker.region.group,MessageGroupSet,0,0,1,0,6,1,2,0,-1.0,2,0
main,org.apache.activemq.broker.region.group,MessageGroupHashBucket,3,0,16,13,101,25,0,1,0.25,0,4
main,org.apache.activemq.broker.region.group,GroupFactoryFinder,1,0,2,1,25,4,0,0,1.0,1,1
main,org.apache.activemq.broker.region.group,EmptyMessageGroupSet,1,1,1,1,9,1,0,1,0.0,1,1
main,org.apache.activemq.broker.region.group,CachedMessageGroupMap,3,0,12,11,80,26,0,1,0.16666666666666666,0,3
main,org.apache.activemq.broker.region.group,MessageGroupHashBucketFactory,2,0,5,5,26,5,0,1,0.0,0,0
main,org.apache.activemq.broker.region.group,CachedMessageGroupMapFactory,1,0,3,3,16,3,0,1,0.0,0,0
main,org.apache.activemq.broker.region.group,SimpleMessageGroupSet,1,0,3,2,15,3,0,1,0.0,2,0
main,org.apache.activemq.broker.region.group,MessageGroupMap,0,0,8,0,16,8,3,0,-1.0,1,1
main,org.apache.activemq.broker.region.group,MessageGroupMapFactory,0,0,1,0,6,1,3,0,-1.0,3,0
main,org.apache.activemq.broker.region.policy,PendingMessageLimitStrategy,0,0,1,0,10,1,2,0,-1.0,1,1
main,org.apache.activemq.broker.region.policy,DispatchPolicy,0,0,1,0,10,1,3,0,-1.0,3,0
main,org.apache.activemq.broker.region.policy,AbortSlowConsumerStrategy,11,0,21,20,220,45,1,1,0.14285714285714285,3,6
main,org.apache.activemq.broker.region.policy,PrefetchRatePendingMessageLimitStrategy,1,0,3,3,20,3,0,1,0.0,0,1
main,org.apache.activemq.broker.region.policy,PendingDurableSubscriberMessageStoragePolicy,0,0,1,0,15,1,3,0,-1.0,1,2
main,org.apache.activemq.broker.region.policy,IndividualDeadLetterStrategy,7,0,16,15,107,21,0,2,0.0,0,2
main,org.apache.activemq.broker.region.policy,FilePendingDurableSubscriberMessageStoragePolicy,0,0,1,1,18,1,0,1,-1.0,0,3
main,org.apache.activemq.broker.region.policy,RetainedMessageSubscriptionRecoveryPolicy,4,2,10,10,84,22,0,1,0.2,1,6
main,org.apache.activemq.broker.region.policy,PolicyMap,1,0,5,4,30,6,0,0,0.6,1,1
main,org.apache.activemq.broker.region.policy,SlowConsumerStrategy,0,0,3,0,21,3,1,0,-1.0,3,4
main,org.apache.activemq.broker.region.policy,FilePendingQueueMessageStoragePolicy,0,0,1,1,15,1,0,1,-1.0,0,2
main,org.apache.activemq.broker.region.policy,StrictOrderDispatchPolicy,0,0,1,1,29,3,0,1,-1.0,0,0
main,org.apache.activemq.broker.region.policy,ConstantPendingMessageLimitStrategy,1,0,3,3,16,3,0,1,0.0,0,1
main,org.apache.activemq.broker.region.policy,MessageQuery,0,0,2,0,17,2,0,0,-1.0,1,0
main,org.apache.activemq.broker.region.policy,LastImageSubscriptionRecoveryPolicy,1,0,7,7,36,10,0,1,0.7142857142857143,0,5
main,org.apache.activemq.broker.region.policy,VMPendingQueueMessageStoragePolicy,0,0,1,1,14,1,0,1,-1.0,0,2
main,org.apache.activemq.broker.region.policy,PendingQueueMessageStoragePolicy,0,0,1,0,12,1,3,0,-1.0,1,2
main,org.apache.activemq.broker.region.policy,MessageEvictionStrategySupport,1,0,2,2,15,2,3,1,0.0,0,0
main,org.apache.activemq.broker.region.policy,StorePendingQueueMessageStoragePolicy,0,0,1,1,15,1,0,1,-1.0,0,2
main,org.apache.activemq.broker.region.policy,UniquePropertyMessageEvictionStrategy,1,0,3,3,42,10,0,2,0.0,0,0
main,org.apache.activemq.broker.region.policy,PolicyEntry,58,0,132,131,865,192,0,0,0.030303030303030304,8,24
main,org.apache.activemq.broker.region.policy,VMPendingSubscriberMessageStoragePolicy,0,0,1,1,16,1,0,1,-1.0,0,3
main,org.apache.activemq.broker.region.policy,MessageEvictionStrategy,0,0,2,0,15,2,1,0,-1.0,2,0
main,org.apache.activemq.broker.region.policy,SlowConsumerEntry,4,0,7,6,27,7,0,0,0.5714285714285714,5,1
main,org.apache.activemq.broker.region.policy,DispatchSelector,0,0,1,0,13,1,1,0,-1.0,0,1
main,org.apache.activemq.broker.region.policy,SimpleDispatchSelector,1,0,2,2,19,2,0,1,0.0,0,1
main,org.apache.activemq.broker.region.policy,SharedDeadLetterStrategy,2,1,3,3,17,3,1,2,0.0,0,1
main,org.apache.activemq.broker.region.policy,DiscardingDeadLetterStrategy,1,0,1,1,12,1,0,3,0.0,0,0
main,org.apache.activemq.broker.region.policy,PriorityNetworkDispatchPolicy,1,0,3,1,52,12,0,2,1.0,0,1
main,org.apache.activemq.broker.region.policy,NoSubscriptionRecoveryPolicy,0,0,7,7,23,7,0,1,-1.0,0,4
main,org.apache.activemq.broker.region.policy,PendingSubscriberMessageStoragePolicy,0,0,1,0,13,1,2,0,-1.0,1,2
main,org.apache.activemq.broker.region.policy,AbortSlowAckConsumerStrategy,4,0,11,9,124,29,0,2,0.36363636363636365,1,5
main,org.apache.activemq.broker.region.policy,QueryBasedSubscriptionRecoveryPolicy,5,0,13,10,79,16,0,1,0.38461538461538464,1,7
main,org.apache.activemq.broker.region.policy,OldestMessageWithLowestPriorityEvictionStrategy,0,0,1,1,20,3,0,2,-1.0,0,0
main,org.apache.activemq.broker.region.policy,SubscriptionRecoveryPolicy,0,0,5,0,33,5,7,0,-1.0,3,4
main,org.apache.activemq.broker.region.policy,TimedSubscriptionRecoveryPolicy,8,2,12,12,85,18,0,1,0.16666666666666666,1,7
main,org.apache.activemq.broker.region.policy,TimestampWrapper,2,2,1,1,8,1,0,0,0.0,1,0
main,org.apache.activemq.broker.region.policy,AbstractDeadLetterStrategy,6,0,14,14,81,19,2,1,0.14285714285714285,0,0
main,org.apache.activemq.broker.region.policy,FilePendingSubscriberMessageStoragePolicy,0,0,1,1,16,1,0,1,-1.0,0,3
main,org.apache.activemq.broker.region.policy,DeadLetterStrategy,0,0,9,7,42,9,1,0,-1.0,6,1
main,org.apache.activemq.broker.region.policy,StorePendingDurableSubscriberMessageStoragePolicy,2,0,5,5,39,5,0,1,0.0,0,3
main,org.apache.activemq.broker.region.policy,FixedCountSubscriptionRecoveryPolicy,3,0,9,9,79,19,0,1,0.2222222222222222,1,6
main,org.apache.activemq.broker.region.policy,VMPendingDurableSubscriberMessageStoragePolicy,0,0,1,1,18,1,0,1,-1.0,0,3
main,org.apache.activemq.broker.region.policy,PriorityDispatchPolicy,1,0,2,2,22,3,0,2,1.0,0,1
main,org.apache.activemq.broker.region.policy,RoundRobinDispatchPolicy,0,0,1,1,41,5,0,1,-1.0,0,1
main,org.apache.activemq.broker.region.policy,OldestMessageEvictionStrategy,0,0,1,1,9,1,0,2,-1.0,0,0
main,org.apache.activemq.broker.region.policy,FixedSizedSubscriptionRecoveryPolicy,3,0,15,14,70,18,0,1,0.2,1,6
main,org.apache.activemq.broker.region.policy,SimpleDispatchPolicy,0,0,1,1,21,4,2,1,-1.0,0,0
main,org.apache.activemq.broker.scheduler,JobScheduler,0,0,16,0,106,16,1,0,-1.0,3,1
main,org.apache.activemq.broker.scheduler,JobSchedulerFacade,1,0,17,16,110,33,0,1,0.0,0,3
main,org.apache.activemq.broker.scheduler,JobSchedulerStore,0,0,5,0,34,5,0,0,-1.0,5,0
main,org.apache.activemq.broker.scheduler,JobSupport,0,0,2,2,15,2,0,0,-1.0,3,0
main,org.apache.activemq.broker.scheduler,Job,0,0,10,10,48,10,0,0,-1.0,4,0
main,org.apache.activemq.broker.scheduler,JobListener,0,0,1,1,11,1,1,0,-1.0,3,0
main,org.apache.activemq.broker.scheduler,SchedulerBroker,10,0,32,29,301,67,0,1,0.625,2,10
main,org.apache.activemq.broker.scheduler.memory,InMemoryJob,9,0,24,24,91,25,0,0,0.375,2,1
main,org.apache.activemq.broker.scheduler.memory,InMemoryJobScheduler,11,0,37,30,351,68,0,0,0.0,1,4
main,org.apache.activemq.broker.scheduler.memory,ScheduledTask,2,0,7,7,82,15,0,0,0.0,1,1
main,org.apache.activemq.broker.scheduler.memory,InMemoryJobSchedulerStore,3,0,7,5,71,12,0,0,0.5714285714285714,0,1
main,org.apache.activemq.broker.jmx,ProducerView,5,0,20,19,139,40,0,1,0.1,1,2
main,org.apache.activemq.broker.jmx,NetworkDestinationView,5,0,8,8,49,9,0,1,0.25,3,1
main,org.apache.activemq.broker.jmx,ManagedTempTopicRegion,1,0,5,2,26,5,0,0,0.0,0,7
main,org.apache.activemq.broker.jmx,ProducerViewMBean,0,0,17,0,54,17,1,0,-1.0,0,0
main,org.apache.activemq.broker.jmx,DurableSubscriptionViewMBean,0,0,11,7,54,11,2,1,-1.0,0,0
main,org.apache.activemq.broker.jmx,JmsConnectorView,1,0,3,3,12,3,0,1,0.0,1,1
main,org.apache.activemq.broker.jmx,QueueView,1,0,28,28,179,39,0,2,1.0,0,6
main,org.apache.activemq.broker.jmx,ConnectorViewMBean,0,0,10,0,41,10,1,0,-1.0,1,0
main,org.apache.activemq.broker.jmx,AbortSlowAckConsumerStrategyViewMBean,0,0,6,0,8,6,1,1,-1.0,0,0
main,org.apache.activemq.broker.jmx,PersistenceAdapterView,4,0,8,7,40,9,0,1,0.25,0,1
main,org.apache.activemq.broker.jmx,ConnectionViewMBean,0,0,13,3,62,13,1,0,-1.0,1,0
main,org.apache.activemq.broker.jmx,ManagementContext,25,2,51,43,533,95,0,0,0.0784313725490196,13,1
main,org.apache.activemq.broker.jmx,AbortSlowAckConsumerStrategyView,1,0,7,7,25,7,0,2,0.0,0,2
main,org.apache.activemq.broker.jmx,HealthStatus,4,0,6,6,27,6,0,0,0.0,3,0
main,org.apache.activemq.broker.jmx,CompositeDataConstants,19,0,0,0,23,0,0,0,-1.0,7,0
main,org.apache.activemq.broker.jmx,ConnectorView,1,0,16,16,82,16,0,1,0.0,0,1
main,org.apache.activemq.broker.jmx,OpenTypeSupport,13,0,46,14,413,53,0,0,0.9347826086956522,7,6
main,org.apache.activemq.broker.jmx,OpenTypeFactory,0,0,2,0,4,2,1,0,-1.0,4,0
main,org.apache.activemq.broker.jmx,AbstractOpenTypeFactory,4,0,7,2,34,8,4,1,0.2857142857142857,0,0
main,org.apache.activemq.broker.jmx,MessageOpenTypeFactory,8,0,7,1,158,11,6,2,0.42857142857142855,0,1
main,org.apache.activemq.broker.jmx,ByteMessageOpenTypeFactory,0,0,3,1,37,4,0,3,-1.0,0,1
main,org.apache.activemq.broker.jmx,MapMessageOpenTypeFactory,0,0,3,1,20,3,0,3,-1.0,0,1
main,org.apache.activemq.broker.jmx,ObjectMessageOpenTypeFactory,0,0,3,1,12,3,0,3,-1.0,0,0
main,org.apache.activemq.broker.jmx,StreamMessageOpenTypeFactory,0,0,3,1,12,3,0,3,-1.0,0,0
main,org.apache.activemq.broker.jmx,TextMessageOpenTypeFactory,0,0,3,1,20,3,0,3,-1.0,0,1
main,org.apache.activemq.broker.jmx,JobOpenTypeFactory,0,0,3,1,27,3,0,2,-1.0,0,1
main,org.apache.activemq.broker.jmx,ActiveMQBlobMessageOpenTypeFactory,0,0,3,1,20,3,0,3,-1.0,0,1
main,org.apache.activemq.broker.jmx,SlowConsumerEntryOpenTypeFactory,0,0,3,1,19,3,0,2,-1.0,0,1
main,org.apache.activemq.broker.jmx,HealthStatusOpenTypeFactory,0,0,3,1,21,3,0,2,-1.0,0,1
main,org.apache.activemq.broker.jmx,DestinationViewMBean,0,0,58,16,249,58,3,0,-1.0,0,0
main,org.apache.activemq.broker.jmx,RecoveredXATransactionViewMBean,0,0,5,0,7,5,1,0,-1.0,0,0
main,org.apache.activemq.broker.jmx,ProxyConnectorView,1,0,3,3,12,3,0,1,0.0,1,1
main,org.apache.activemq.broker.jmx,JmsConnectorViewMBean,0,0,0,0,2,0,1,0,-1.0,0,0
main,org.apache.activemq.broker.jmx,AsyncAnnotatedMBean,2,0,6,4,67,13,0,1,0.3333333333333333,1,1
main,org.apache.activemq.broker.jmx,AbortSlowConsumerStrategyViewMBean,0,0,10,1,12,10,2,0,-1.0,0,0
main,org.apache.activemq.broker.jmx,InactiveDurableSubscriptionView,1,0,15,14,100,15,0,3,0.6666666666666666,0,4
main,org.apache.activemq.broker.jmx,SubscriptionView,3,0,40,38,303,58,2,1,0.05,1,6
main,org.apache.activemq.broker.jmx,DurableSubscriptionView,4,0,14,14,101,21,1,2,0.14285714285714285,1,5
main,org.apache.activemq.broker.jmx,VirtualDestinationSelectorCacheViewMBean,0,0,3,3,8,3,1,0,-1.0,0,0
main,org.apache.activemq.broker.jmx,HealthView,2,0,5,5,130,31,0,1,0.0,0,8
main,org.apache.activemq.broker.jmx,TopicSubscriptionViewMBean,0,0,3,0,13,3,1,1,-1.0,0,0
main,org.apache.activemq.broker.jmx,NetworkConnectorView,1,0,31,31,100,32,0,1,0.0,0,1
main,org.apache.activemq.broker.jmx,ManagedTempQueueRegion,1,0,5,2,26,5,0,0,0.0,0,7
main,org.apache.activemq.broker.jmx,RecoveredXATransactionView,1,0,8,8,30,8,0,1,0.0,1,2
main,org.apache.activemq.broker.jmx,DestinationsViewFilter,8,0,18,14,157,40,0,0,0.3333333333333333,2,2
main,org.apache.activemq.broker.jmx,PersistenceAdapterViewMBean,0,0,4,0,6,4,1,0,-1.0,0,0
main,org.apache.activemq.broker.jmx,ManagedTransportConnector,3,0,4,2,22,4,0,0,0.5,1,1
main,org.apache.activemq.broker.jmx,AbortSlowConsumerStrategyView,3,0,12,11,73,15,1,1,0.0,1,5
main,org.apache.activemq.broker.jmx,VirtualDestinationSelectorCacheView,1,0,4,4,18,4,0,1,0.0,1,1
main,org.apache.activemq.broker.jmx,QueueViewMBean,0,0,27,7,122,27,1,1,-1.0,0,0
main,org.apache.activemq.broker.jmx,AnnotatedMBean,4,0,10,3,152,29,1,0,0.7,8,3
main,org.apache.activemq.broker.jmx,ManagedQueueRegion,1,0,5,2,26,5,0,0,0.0,0,7
main,org.apache.activemq.broker.jmx,SubscriptionViewMBean,0,0,34,0,139,34,3,0,-1.0,2,0
main,org.apache.activemq.broker.jmx,Log4JConfigViewMBean,0,0,6,1,42,6,1,0,-1.0,0,0
main,org.apache.activemq.broker.jmx,NetworkBridgeView,3,0,16,16,56,17,0,1,0.125,3,2
main,org.apache.activemq.broker.jmx,CompositeDataHelper,0,0,3,3,41,5,0,0,-1.0,1,2
main,org.apache.activemq.broker.jmx,HealthViewMBean,0,0,4,1,20,4,1,0,-1.0,1,0
main,org.apache.activemq.broker.jmx,BrokerMBeanSupport,0,0,43,41,202,46,0,0,-1.0,11,4
main,org.apache.activemq.broker.jmx,BrokerView,5,0,80,78,340,89,0,1,0.0625,1,9
main,org.apache.activemq.broker.jmx,TopicView,0,0,1,1,5,1,0,2,-1.0,0,2
main,org.apache.activemq.broker.jmx,NetworkConnectorViewMBean,0,0,28,0,33,28,1,0,-1.0,1,0
main,org.apache.activemq.broker.jmx,ManagedTransportConnection,7,0,6,3,76,12,0,0,0.0,0,6
main,org.apache.activemq.broker.jmx,TopicSubscriptionView,0,0,6,5,40,8,0,2,-1.0,0,1
main,org.apache.activemq.broker.jmx,DestinationView,3,0,63,63,361,81,2,1,0.0,3,7
main,org.apache.activemq.broker.jmx,NetworkBridgeViewMBean,0,0,10,0,12,10,1,0,-1.0,1,0
main,org.apache.activemq.broker.jmx,ManagedRegionBroker,24,0,74,26,692,132,0,0,0.08108108108108109,17,24
main,org.apache.activemq.broker.jmx,NetworkDestinationViewMBean,0,0,4,0,20,4,1,0,-1.0,0,0
main,org.apache.activemq.broker.jmx,Log4JConfigView,1,0,13,8,198,37,0,1,0.0,3,1
main,org.apache.activemq.broker.jmx,JobSchedulerView,1,0,10,10,77,15,0,1,0.0,0,5
main,org.apache.activemq.broker.jmx,ManagedTopicRegion,1,0,5,2,26,5,0,0,0.0,0,7
main,org.apache.activemq.broker.jmx,TopicViewMBean,0,0,0,0,2,0,1,1,-1.0,0,0
main,org.apache.activemq.broker.jmx,ProxyConnectorViewMBean,0,0,0,0,2,0,1,0,-1.0,0,0
main,org.apache.activemq.broker.jmx,JobSchedulerViewMBean,0,0,9,9,58,9,1,0,-1.0,1,0
main,org.apache.activemq.broker.jmx,ConnectionView,3,0,21,19,114,23,0,1,0.09523809523809523,0,3
main,org.apache.activemq.broker.jmx,BrokerViewMBean,0,0,72,10,152,72,1,0,-1.0,2,0
main,org.apache.activemq.broker.cluster,ConnectionSplitBroker,2,0,3,3,49,12,0,0,0.6666666666666666,0,2
main,org.apache.activemq.broker.util,InsertionCountList,1,0,3,3,12,3,0,0,0.6666666666666666,0,0
main,org.apache.activemq.broker.util,DestinationsPlugin,3,0,8,6,75,14,0,0,0.0,0,2
main,org.apache.activemq.broker.util,AuditLog,0,0,1,1,3,1,1,0,-1.0,1,1
main,org.apache.activemq.broker.util,DefaultAuditLogFactory,1,0,2,2,15,4,0,1,0.0,0,1
main,org.apache.activemq.broker.util,JMXAuditLogEntry,0,0,1,1,5,1,0,1,-1.0,0,0
main,org.apache.activemq.broker.util,AuditLogFactory,0,0,1,1,3,1,1,0,-1.0,1,0
main,org.apache.activemq.broker.util,AuditLogService,2,0,4,3,21,6,0,0,0.5,2,3
main,org.apache.activemq.broker.util,DestinationPathSeparatorBroker,1,0,14,13,73,17,0,0,0.0,0,3
main,org.apache.activemq.broker.util,UDPTraceBrokerPlugin,9,0,42,37,205,46,1,0,0.0,0,3
main,org.apache.activemq.broker.util,MulticastTraceBrokerPlugin,1,0,4,3,28,4,0,1,0.5,0,0
main,org.apache.activemq.broker.util,TimeStampingBrokerPlugin,5,0,6,5,82,14,0,0,0.0,0,3
main,org.apache.activemq.broker.util,LoggingBrokerPlugin,9,0,62,60,454,116,0,0,0.0,0,6
main,org.apache.activemq.broker.util,RedeliveryPlugin,5,1,11,8,131,23,0,0,0.0,0,5
main,org.apache.activemq.broker.util,AuditLogEntry,6,0,12,12,59,15,1,0,0.5,4,0
main,org.apache.activemq.broker.util,TraceBrokerPathPlugin,2,0,3,3,35,6,0,0,0.0,0,0
main,org.apache.activemq.broker.util,DefaultAuditLog,1,0,1,1,6,1,0,1,0.0,0,1
main,org.apache.activemq.usage,PercentLimitUsage,2,0,7,5,55,11,2,0,0.2857142857142857,1,1
main,org.apache.activemq.usage,JobSchedulerUsage,1,0,6,5,31,7,0,0,0.3333333333333333,3,2
main,org.apache.activemq.usage,StoreUsage,1,0,9,7,64,11,0,1,0.4444444444444444,2,2
main,org.apache.activemq.usage,TempUsage,1,0,8,6,59,11,0,1,0.25,2,2
main,org.apache.activemq.usage,SystemUsage,13,0,30,28,227,49,0,0,0.1,31,7
main,org.apache.activemq.transaction,LocalTransaction,4,0,6,6,75,8,0,1,0.3333333333333333,0,3
main,org.apache.activemq.transaction,Transaction,10,4,27,22,164,38,2,0,0.18518518518518517,6,1
main,org.apache.activemq.transaction,XATransaction,5,0,14,8,153,28,0,1,0.0,4,3
main,org.apache.activemq.store,PersistenceAdapter,0,0,20,0,113,20,0,0,-1.0,13,2
main,org.apache.activemq.store,AbstractMessageStoreStatistics,2,0,7,5,42,9,2,0,0.2857142857142857,1,1
main,org.apache.activemq.store,TransactionStore,0,0,4,0,9,4,0,0,-1.0,3,1
main,org.apache.activemq.store,ProxyTopicMessageStore,1,0,40,40,126,40,0,2,0.0,1,4
main,org.apache.activemq.store,MessageStore,0,0,25,2,137,25,4,0,-1.0,10,3
main,org.apache.activemq.store,AbstractMessageStore,5,1,23,22,83,23,0,1,0.5217391304347826,0,4
main,org.apache.activemq.store,PersistenceAdapterFactory,0,0,1,0,10,1,0,0,-1.0,1,0
main,org.apache.activemq.store,InlineListenableFuture,0,0,7,7,23,7,0,1,-1.0,0,0
main,org.apache.activemq.store,TopicReferenceStore,0,0,9,0,74,9,0,2,-1.0,0,2
main,org.apache.activemq.store,PListEntry,3,0,5,5,22,5,0,0,0.0,2,0
main,org.apache.activemq.store,ListenableFuture,0,0,1,0,7,1,1,0,-1.0,2,0
main,org.apache.activemq.store,MessageStoreSubscriptionStatistics,1,0,10,9,65,13,0,1,0.4,3,2
main,org.apache.activemq.store,SubscriptionStatistics,0,0,2,2,14,2,0,1,-1.0,1,1
main,org.apache.activemq.store,ProxyMessageStore,1,0,30,30,96,30,0,1,0.0,1,4
main,org.apache.activemq.store,MessageRecoveryListener,0,0,4,0,13,4,0,0,-1.0,8,0
main,org.apache.activemq.store,JournaledStore,0,0,1,0,6,1,0,0,-1.0,0,0
main,org.apache.activemq.store,PListStore,0,0,5,0,10,5,0,0,-1.0,4,0
main,org.apache.activemq.store,NoLocalSubscriptionAware,0,0,1,1,3,1,0,0,-1.0,0,0
main,org.apache.activemq.store,TransactionRecoveryListener,0,0,1,0,3,1,0,0,-1.0,2,0
main,org.apache.activemq.store,PList,0,0,10,0,17,10,0,0,-1.0,2,0
main,org.apache.activemq.store,PListIterator,0,0,1,0,3,1,0,0,-1.0,0,0
main,org.apache.activemq.store,PersistenceAdapterSupport,1,0,7,6,93,15,0,0,0.5714285714285714,1,4
main,org.apache.activemq.store,DestinationMatcher,0,0,1,0,11,1,1,0,-1.0,1,0
main,org.apache.activemq.store,AlwaysMatches,0,0,1,1,5,1,0,1,-1.0,0,0
main,org.apache.activemq.store,IndexListener,4,4,2,2,20,2,0,0,-1.0,5,2
main,org.apache.activemq.store,MessageContext,4,4,1,1,11,1,0,0,0.0,3,1
main,org.apache.activemq.store,TopicMessageStore,0,0,11,0,88,11,2,1,-1.0,10,2
main,org.apache.activemq.store,ReferenceStore,3,0,12,7,46,12,1,1,-1.0,0,2
main,org.apache.activemq.store,ReferenceData,3,0,7,7,26,7,0,0,0.0,1,0
main,org.apache.activemq.store,TransactionIdTransformerAware,0,0,1,0,5,1,0,0,-1.0,0,1
main,org.apache.activemq.store,TransactionIdTransformer,0,0,1,0,3,1,0,0,-1.0,1,0
main,org.apache.activemq.store,MessageStoreStatistics,2,0,7,7,45,9,0,0,0.2857142857142857,5,1
main,org.apache.activemq.store,SharedFileLocker,4,1,6,6,75,14,0,0,0.0,0,2
main,org.apache.activemq.store.memory,MemoryTopicMessageStore,6,0,20,17,130,31,0,1,0.15,1,8
main,org.apache.activemq.store.memory,MemoryTopicMessageStoreLRUCache,2,0,3,2,17,3,0,0,0.6666666666666666,1,1
main,org.apache.activemq.store.memory,MemoryPersistenceAdapter,5,0,29,28,150,45,0,0,0.6896551724137931,0,6
main,org.apache.activemq.store.memory,MemoryMessageStore,3,0,16,14,126,27,1,0,0.25,1,4
main,org.apache.activemq.store.memory,MemoryTransactionStore,7,2,53,41,292,71,0,0,0.6037735849056604,1,10
main,org.apache.activemq.store.memory,Tx,2,2,5,5,50,9,0,0,0.0,1,3
main,org.apache.activemq.store.memory,AddMessageCommand,0,0,4,0,6,4,0,0,-1.0,2,2
main,org.apache.activemq.store.memory,RemoveMessageCommand,0,0,3,0,5,3,0,0,-1.0,2,1
main,org.apache.activemq.store.memory,MemoryTopicSub,3,0,10,1,78,17,0,0,0.2,1,2
main,org.apache.activemq.transport,TransportLogger,4,0,13,13,88,22,0,0,0.23076923076923078,2,1
main,org.apache.activemq.transport,TransportLoggerView,7,0,11,9,105,13,0,1,0.0,4,5
main,org.apache.activemq.transport,TransportLoggerControlMBean,0,0,3,3,19,3,1,0,-1.0,0,0
main,org.apache.activemq.transport,TransportLoggerControl,0,0,4,4,20,4,0,1,-1.0,0,2
main,org.apache.activemq.transport,TransportLoggerFactorySPI,0,0,2,2,11,2,0,0,-1.0,0,1
main,org.apache.activemq.transport,TransportFactorySupport,0,0,1,1,20,3,0,0,-1.0,3,1
main,org.apache.activemq.transport,TransportLoggerFactory,10,1,10,6,149,16,0,0,0.3,2,6
main,org.apache.activemq.transport,TransportLoggerViewMBean,0,0,4,4,24,4,1,0,-1.0,0,0
main,org.apache.activemq.transport.nio,AutoInitNioSSLTransport,2,0,13,9,143,29,0,0,0.7692307692307693,1,0
main,org.apache.activemq.transport.vm,VMTransportServer,6,0,16,16,103,22,0,0,0.4375,2,3
main,org.apache.activemq.transport.vm,VMTransportFactory,5,3,11,7,215,39,0,0,0.0,4,8
main,org.apache.activemq.transport.vm,VMTransport,15,0,36,34,320,70,0,0,0.3888888888888889,3,1
main,org.apache.activemq.transport.logwriters,DefaultLogWriter,1,0,8,8,30,8,0,0,0.25,0,0
main,org.apache.activemq.transport.logwriters,CustomLogWriter,0,0,9,8,97,18,0,0,-1.0,1,1
main,org.apache.activemq.transport.peer,PeerTransportFactory,4,3,7,6,66,10,0,0,0.7142857142857143,0,3
main,org.apache.activemq.transport.auto,AutoTcpTransportServer,15,2,23,13,273,52,1,0,0.13043478260869565,4,5
main,org.apache.activemq.transport.auto,ProtocolInfo,2,2,1,1,9,1,0,0,0.0,2,0
main,org.apache.activemq.transport.auto,AutoSslTransportServer,2,0,8,7,60,10,0,1,0.5,1,1
main,org.apache.activemq.transport.auto,AutoTransportUtils,6,6,2,2,29,4,0,0,1.0,5,0
main,org.apache.activemq.transport.auto,AutoSslTransportFactory,3,0,5,2,55,7,0,0,0.0,0,3
main,org.apache.activemq.transport.auto,AutoTcpTransportFactory,3,0,5,2,46,7,0,0,0.0,0,3
main,org.apache.activemq.transport.auto.nio,AutoNioTransportFactory,3,0,4,2,51,11,0,0,0.0,0,3
main,org.apache.activemq.transport.auto.nio,AutoNIOTransport,1,0,4,3,46,10,0,0,1.0,0,0
main,org.apache.activemq.transport.auto.nio,AutoNioSslTransportFactory,3,0,4,2,59,12,0,0,0.0,0,3
main,org.apache.activemq.transport.auto.nio,AutoNIOSSLTransportServer,3,0,10,7,90,18,0,0,0.4,0,3
main,org.apache.activemq.transport.protocol,OpenWireProtocolVerifier,1,0,2,2,31,6,0,1,0.0,1,0
main,org.apache.activemq.transport.protocol,MqttProtocolVerifier,0,0,2,1,21,5,0,1,-1.0,0,0
main,org.apache.activemq.transport.protocol,StompProtocolVerifier,0,0,1,1,8,1,0,1,-1.0,0,0
main,org.apache.activemq.transport.protocol,AmqpProtocolVerifier,1,0,1,1,13,3,0,1,0.0,0,0
main,org.apache.activemq.transport.protocol,ProtocolVerifier,0,0,1,1,3,1,4,0,-1.0,0,0
main,org.apache.activemq.filter,JAXPXPathEvaluator,4,0,5,3,51,8,0,0,0.4,0,0
main,org.apache.activemq.filter,XalanXPathEvaluator,4,0,5,3,51,8,0,0,0.4,0,0
main,org.apache.activemq.proxy,ProxyConnector,8,0,20,17,133,29,0,0,0.0,2,1
main,org.apache.activemq.proxy,ProxyConnection,5,0,11,11,126,30,0,0,0.0,1,0
main,org.apache.activemq.network,NetworkBridgeFactory,0,0,5,3,41,7,0,0,-1.0,5,4
main,org.apache.activemq.network,DiscoveryNetworkConnector,5,0,14,11,199,26,0,2,0.2857142857142857,0,5
main,org.apache.activemq.network,DiscoverNetworkBridgeListener,0,0,2,2,14,3,0,2,-1.0,0,1
main,org.apache.activemq.network,ConnectionFilter,0,0,1,0,11,1,0,0,-1.0,1,0
main,org.apache.activemq.network,MBeanNetworkListener,6,0,8,7,70,14,1,1,0.25,1,7
main,org.apache.activemq.network,DemandForwardingBridgeSupport,55,0,104,57,1481,299,2,1,0.038461538461538464,3,19
main,org.apache.activemq.network,FutureBrokerInfo,3,0,7,7,59,14,0,0,0.0,1,0
main,org.apache.activemq.network,DemandForwardingBridge,0,0,1,1,9,1,1,2,-1.0,3,1
main,org.apache.activemq.network,DefaultNetworkBridgeFilterFactory,0,0,1,1,9,1,0,1,-1.0,0,0
main,org.apache.activemq.network,NetworkConnector,8,0,32,23,169,41,3,1,0.28125,6,9
main,org.apache.activemq.network,DurableConduitBridge,1,0,6,2,111,22,0,4,0.5,0,7
main,org.apache.activemq.network,NetworkBridgeConfiguration,34,0,69,69,409,77,1,0,0.43478260869565216,10,0
main,org.apache.activemq.network,DemandSubscription,11,0,21,20,125,26,0,0,0.2857142857142857,3,0
main,org.apache.activemq.network,ForwardingBridge,21,0,33,28,283,48,0,0,0.0,0,1
main,org.apache.activemq.network,NetworkBridge,0,0,14,0,61,14,1,0,-1.0,6,1
main,org.apache.activemq.network,MulticastNetworkConnector,4,0,14,11,97,20,0,2,0.14285714285714285,0,2
main,org.apache.activemq.network,ConduitBridge,1,0,5,1,64,15,1,3,0.4,0,2
main,org.apache.activemq.network,NetworkBridgeStatistics,3,0,7,7,63,9,0,0,0.0,2,1
main,org.apache.activemq.network,LdapNetworkConnector,19,0,21,17,334,38,0,2,0.0,0,1
main,org.apache.activemq.network,NetworkBridgeFilterFactory,0,0,1,0,3,1,2,0,-1.0,2,0
main,org.apache.activemq.network,MBeanBridgeDestination,11,0,9,6,133,20,0,0,0.0,1,8
main,org.apache.activemq.network,NetworkDestinationContainer,2,0,1,0,8,1,0,0,0.0,1,1
main,org.apache.activemq.network,NetworkBridgeListener,0,0,5,0,29,5,1,0,-1.0,5,1
main,org.apache.activemq.network,ConditionalNetworkBridgeFilterFactory,11,0,17,13,110,24,0,1,0.0,0,2
main,org.apache.activemq.network,ConditionalNetworkBridgeFilter,7,0,8,4,65,15,0,0,0.0,1,1
main,org.apache.activemq.network,CompositeDemandForwardingBridge,0,0,2,1,12,2,0,2,-1.0,1,1
main,org.apache.activemq.network.jms,InboundTopicBridge,2,0,6,6,49,7,0,2,0.3333333333333333,1,0
main,org.apache.activemq.network.jms,JmsConnector,30,0,58,42,497,89,2,0,0.1896551724137931,4,7
main,org.apache.activemq.network.jms,TopicBridge,9,0,18,13,150,27,2,1,0.0,0,0
main,org.apache.activemq.network.jms,ReconnectionPolicy,9,1,17,17,148,21,0,0,0.29411764705882354,2,0
main,org.apache.activemq.network.jms,JndiLookupFactory,0,0,1,1,14,1,0,0,-1.0,1,0
main,org.apache.activemq.network.jms,QueueBridge,8,0,16,11,127,23,2,1,0.0,0,0
main,org.apache.activemq.network.jms,OutboundTopicBridge,2,0,6,6,49,7,0,2,0.3333333333333333,1,0
main,org.apache.activemq.network.jms,InboundQueueBridge,2,0,6,6,49,7,0,2,0.3333333333333333,1,0
main,org.apache.activemq.network.jms,OutboundQueueBridge,2,0,6,6,49,7,0,2,0.3333333333333333,1,0
main,org.apache.activemq.network.jms,SimpleJmsTopicConnector,7,0,29,18,400,60,0,1,0.3103448275862069,0,2
main,org.apache.activemq.network.jms,SimpleJmsMessageConvertor,0,0,3,3,34,4,0,1,-1.0,0,0
main,org.apache.activemq.network.jms,JmsMesageConvertor,0,0,3,0,21,3,1,0,-1.0,2,0
main,org.apache.activemq.network.jms,SimpleJmsQueueConnector,7,0,29,18,399,60,0,1,0.3103448275862069,0,2
main,org.apache.activemq.network.jms,DestinationBridge,6,0,16,10,123,22,2,0,0.125,1,3
main,org.apache.activemq.advisory,VirtualDestinationMatcher,0,0,1,1,5,1,1,0,-1.0,1,1
main,org.apache.activemq.advisory,DestinationFilterVirtualDestinationMatcher,0,0,1,1,20,5,0,1,-1.0,0,1
main,org.apache.activemq.advisory,AdvisoryBroker,19,0,45,35,715,146,0,0,0.044444444444444446,2,14
main,org.apache.activemq.advisory,VirtualConsumerPair,2,0,5,4,39,15,0,0,0.0,2,2
main,org.apache.activemq.plugin,ForcePersistencyModeBroker,2,1,4,4,36,4,0,0,0.5,1,2
main,org.apache.activemq.plugin,StatisticsBrokerPlugin,1,0,1,1,18,1,0,0,0.0,0,2
main,org.apache.activemq.plugin,DiscardingDLQBroker,7,1,14,13,90,23,0,0,0.14285714285714285,1,3
main,org.apache.activemq.plugin,DiscardingDLQBrokerPlugin,6,1,13,13,71,17,0,0,0.15384615384615385,0,2
main,org.apache.activemq.plugin,StatisticsBroker,10,0,8,4,208,19,0,0,0.375,1,9
main,org.apache.activemq.plugin,ForcePersistencyModeBrokerPlugin,2,0,4,4,38,4,0,0,0.5,0,2
main,org.apache.activemq.plugin,SubQueueSelectorCacheBrokerPlugin,4,0,9,9,44,9,0,0,0.0,0,2
main,org.apache.activemq.plugin,SubQueueSelectorCacheBroker,14,2,25,16,249,46,0,0,0.24,4,8
main,org.apache.activemq.plugin,WildcardFinder,2,0,5,1,36,10,0,0,0.0,2,1
main,org.apache.activemq.util,Handler,0,0,1,0,3,1,0,0,-1.0,0,0
main,org.apache.activemq.util,NetworkBridgeUtils,1,0,7,7,109,29,0,0,0.2857142857142857,4,8
main,org.apache.activemq.util,HexSupport,2,0,4,3,49,8,0,0,0.75,1,0
main,org.apache.activemq.util,WrappedException,1,0,1,1,6,1,0,0,0.0,0,0
main,org.apache.activemq.util,TransactionTemplate,3,0,4,4,46,5,0,0,0.0,0,2
main,org.apache.activemq.util,Promise,5,0,10,9,83,20,0,1,0.3,0,2
main,org.apache.activemq.util,PromiseFuture,1,0,7,6,33,9,0,1,0.42857142857142855,1,0
main,org.apache.activemq.util,LinkedNode,3,0,10,10,110,23,0,0,0.0,1,1
main,org.apache.activemq.util,LogWriterFinder,3,0,4,2,87,9,0,0,0.5,2,1
main,org.apache.activemq.util,IOExceptionHandler,0,0,1,1,3,1,1,0,-1.0,1,0
main,org.apache.activemq.util,IOHelper,3,0,22,18,262,55,0,0,0.2727272727272727,3,2
main,org.apache.activemq.util,MemoryPropertyEditor,0,0,2,2,36,6,0,0,-1.0,0,0
main,org.apache.activemq.util,SubscriptionKey,3,2,7,7,34,7,0,0,0.2857142857142857,10,1
main,org.apache.activemq.util,MemoryIntPropertyEditor,0,0,2,2,36,6,0,0,-1.0,0,0
main,org.apache.activemq.util,StoreUtil,0,0,1,1,19,4,0,0,-1.0,2,0
main,org.apache.activemq.util,LeaseLockerIOExceptionHandler,1,0,2,1,32,6,0,2,1.0,0,1
main,org.apache.activemq.util,LockFile,10,0,7,4,139,22,0,0,0.0,1,1
main,org.apache.activemq.util,ThreadTracker,2,0,2,2,37,5,0,0,0.0,0,0
main,org.apache.activemq.util,Trace,2,2,2,0,15,3,0,0,0.0,0,0
main,org.apache.activemq.util,Tracker,0,0,1,1,14,2,0,0,-1.0,0,0
main,org.apache.activemq.util,JMXSupport,4,0,2,1,15,2,0,0,1.0,2,0
main,org.apache.activemq.util,BrokerSupport,0,0,6,4,63,7,0,0,-1.0,6,5
main,org.apache.activemq.util,PromiseCallback,0,0,1,1,3,1,2,0,-1.0,1,0
main,org.apache.activemq.util,BooleanEditor,0,0,4,4,26,6,0,0,-1.0,0,0
main,org.apache.activemq.util,DefaultIOExceptionHandler,11,0,25,21,198,54,1,1,0.0,0,2
main,org.apache.activemq.util.osgi,Activator,7,0,12,5,160,31,0,0,0.0,0,1
main,org.apache.activemq.util.osgi,BundleWrapper,2,0,1,1,7,1,0,0,0.0,1,0
main,org.apache.activemq.security,MessageAuthorizationPolicy,0,0,1,0,10,1,0,0,-1.0,4,1
main,org.apache.activemq.security,AuthorizationBroker,1,0,22,20,150,39,0,1,0.5,2,9
main,org.apache.activemq.security,JaasCertificateSecurityContext,2,0,3,3,21,4,0,1,0.0,0,0
main,org.apache.activemq.security,AuthenticationBroker,0,0,1,0,14,1,3,0,-1.0,0,0
main,org.apache.activemq.security,JaasCertificateAuthenticationPlugin,0,0,1,1,11,1,0,1,-1.0,0,1
main,org.apache.activemq.security,JaasAuthenticationPlugin,2,0,6,5,45,10,2,0,0.0,0,1
main,org.apache.activemq.security,JaasAuthenticationBroker,2,0,5,5,49,6,0,2,0.4,3,4
main,org.apache.activemq.security,JaasSecurityContext,1,0,2,2,10,2,0,1,0.0,0,0
main,org.apache.activemq.security,SecurityAdminMBean,3,0,8,0,16,8,1,0,-1.0,0,0
main,org.apache.activemq.security,LDAPAuthorizationMap,37,16,53,48,378,73,0,1,0.0,0,0
main,org.apache.activemq.security,AuthorizationMap,0,0,6,0,28,6,4,0,-1.0,3,0
main,org.apache.activemq.security,SimpleAuthorizationMap,4,0,16,16,74,19,0,1,0.1875,0,1
main,org.apache.activemq.security,AbstractAuthenticationBroker,1,0,4,4,23,7,2,1,0.5,0,2
main,org.apache.activemq.security,AuthorizationPlugin,1,0,5,5,24,6,0,0,0.4,0,2
main,org.apache.activemq.security,AuthorizationEntry,7,0,15,13,84,25,1,0,0.13333333333333333,3,2
main,org.apache.activemq.security,SecurityContext,3,1,8,8,41,11,2,0,0.75,14,1
main,org.apache.activemq.security,JaasDualAuthenticationPlugin,1,0,3,3,20,3,0,1,0.0,0,1
main,org.apache.activemq.security,SimpleCachedLDAPAuthorizationMap,34,0,78,62,842,144,0,1,0.038461538461538464,0,2
main,org.apache.activemq.security,CachedLDAPAuthorizationMapNamespaceChangeListener,2,0,6,6,37,9,0,0,0.3333333333333333,0,0
main,org.apache.activemq.security,AuthenticationUser,3,0,8,8,34,8,0,0,0.25,1,0
main,org.apache.activemq.security,TempDestinationAuthorizationEntry,0,0,1,1,17,4,0,1,-1.0,2,0
main,org.apache.activemq.security,JaasDualAuthenticationBroker,2,0,6,5,71,12,0,1,0.0,0,6
main,org.apache.activemq.security,AuthorizationDestinationFilter,1,0,2,2,26,4,0,0,0.0,0,6
main,org.apache.activemq.security,SimpleAuthenticationBroker,5,0,10,10,74,13,0,2,0.2,1,3
main,org.apache.activemq.security,AuthorizationDestinationInterceptor,1,0,4,4,16,4,0,0,0.5,0,4
main,org.apache.activemq.security,DefaultAuthorizationMap,6,1,26,23,216,49,0,1,0.34615384615384615,2,2
main,org.apache.activemq.security,WildcardAwareSet,1,0,3,2,35,8,0,0,0.0,0,0
main,org.apache.activemq.security,JaasCertificateAuthenticationBroker,1,0,4,4,63,8,0,1,0.5,1,4
main,org.apache.activemq.security,SimpleAuthenticationPlugin,7,0,14,14,80,16,0,0,0.14285714285714285,0,3
