ProjectName,PackageName,TypeName,CodeSmell
cassandra,org.apache.cassandra.auth,AuthConfig,Cyclic-Dependent Modularization
cassandra,org.apache.cassandra.service,CassandraDaemon,Cyclic-Dependent Modularization
cassandra,org.apache.cassandra.db,ColumnFamilyStore,Cyclic-Dependent Modularization
cassandra,org.apache.cassandra.db,ColumnFamilyStore,Hub-like Modularization
cassandra,org.apache.cassandra.db,ColumnFamilyStoreCQLHelper,Cyclic-Dependent Modularization
cassandra,org.apache.cassandra.db.compaction,CompactionManager,Cyclic-Dependent Modularization
cassandra,org.apache.cassandra.db.compaction,CompactionManager,Hub-like Modularization
cassandra,org.apache.cassandra.config,Config,Cyclic-Dependent Modularization
cassandra,org.apache.cassandra.db.commitlog,Configuration,Cyclic-Dependent Modularization
cassandra,org.apache.cassandra.transport,ConfiguredLimit,Cyclic-Dependent Modularization
cassandra,org.apache.cassandra.config,DatabaseDescriptor,Hub-like Modularization
cassandra,org.apache.cassandra.config,DatabaseDescriptor,Cyclic-Dependent Modularization
cassandra,org.apache.cassandra.net,MessagingService,Hub-like Modularization
cassandra,org.apache.cassandra.net,MessagingService,Cyclic-Dependent Modularization
cassandra,org.apache.cassandra.tools,NodeProbe,Hub-like Modularization
cassandra,org.apache.cassandra.tools,NodeProbe,Cyclic-Dependent Modularization
cassandra,org.apache.cassandra.io.sstable.format,SSTableReader,Hub-like Modularization
cassandra,org.apache.cassandra.io.sstable.format,SSTableReader,Cyclic-Dependent Modularization
cassandra,org.apache.cassandra.cql3.statements,SelectStatement,Cyclic-Dependent Modularization
cassandra,org.apache.cassandra.db,SinglePartitionReadCommand,Hub-like Modularization
cassandra,org.apache.cassandra.db,SinglePartitionReadCommand,Cyclic-Dependent Modularization
cassandra,org.apache.cassandra.service,StorageProxy,Hub-like Modularization
cassandra,org.apache.cassandra.service,StorageProxy,Cyclic-Dependent Modularization
cassandra,org.apache.cassandra.service,StorageService,Hub-like Modularization
cassandra,org.apache.cassandra.service,StorageService,Cyclic-Dependent Modularization
