ProjectName,PackageName,TypeName,CodeSmell
java,com.fasterxml.jackson.databind,AnnotationIntrospector,Cyclic-Dependent Modularization
java,com.fasterxml.jackson.databind.introspect,AnnotationIntrospectorPair,Cyclic-Dependent Modularization
java,com.fasterxml.jackson.databind.node,BaseJsonNode,Cyclic-Dependent Modularization
java,com.fasterxml.jackson.databind.deser,BeanDeserializerBuilder,Cyclic-Dependent Modularization
java,com.fasterxml.jackson.databind.deser,BeanDeserializerFactory,Cyclic-Dependent Modularization
java,com.fasterxml.jackson.databind.deser,BeanDeserializerModifier,Cyclic-Dependent Modularization
java,com.fasterxml.jackson.databind.util,ClassUtil,Cyclic-Dependent Modularization
java,com.fasterxml.jackson.databind.util,EnumValues,Cyclic-Dependent Modularization
java,com.fasterxml.jackson.databind,JsonNode,Cyclic-Dependent Modularization
java,com.fasterxml.jackson.databind.node,JsonNodeFactory,Cyclic-Dependent Modularization
java,com.fasterxml.jackson.databind,ObjectMapper,Cyclic-Dependent Modularization
java,com.fasterxml.jackson.databind.node,ObjectNode,Cyclic-Dependent Modularization
java,com.fasterxml.jackson.databind.util,TokenBuffer,Cyclic-Dependent Modularization
