Project Name,Package Name,Type Name,NOF,NOPF,NOM,NOPM,LOC,WMC,NC,DIT,LCOM,FANIN,FANOUT
java,com.fasterxml.jackson.databind,DatabindContext,1,0,30,20,275,57,2,0,0.4666666666666667,5,8
java,com.fasterxml.jackson.databind,BeanProperty,8,2,49,49,239,55,3,1,-1.0,92,11
java,com.fasterxml.jackson.databind,Std,6,0,19,19,108,25,1,2,0.3684210526315789,5,10
java,com.fasterxml.jackson.databind,Bogus,0,0,15,15,50,15,0,2,-1.0,0,7
java,com.fasterxml.jackson.databind,ObjectWriter,19,6,110,92,937,144,0,0,0.01818181818181818,5,16
java,com.fasterxml.jackson.databind,GeneratorSettings,6,5,8,7,95,21,0,0,0.0,2,1
java,com.fasterxml.jackson.databind,Prefetch,5,1,6,5,84,15,0,0,0.0,3,6
java,com.fasterxml.jackson.databind,RuntimeJsonMappingException,0,0,3,3,14,3,0,0,-1.0,0,1
java,com.fasterxml.jackson.databind,JsonNode,0,0,86,82,552,97,1,2,-1.0,20,4
java,com.fasterxml.jackson.databind,MappingJsonFactory,1,0,7,7,46,10,0,0,1.0,1,2
java,com.fasterxml.jackson.databind,InjectableValues,2,0,6,6,45,8,1,0,0.5,6,3
java,com.fasterxml.jackson.databind,Std,2,0,5,5,32,7,0,1,0.4,0,3
java,com.fasterxml.jackson.databind,DeserializationConfig,9,0,51,36,514,81,0,3,0.21568627450980393,68,15
java,com.fasterxml.jackson.databind,JsonMappingException,9,0,44,37,349,65,4,0,0.4318181818181818,24,5
java,com.fasterxml.jackson.databind,Reference,5,0,13,8,105,20,0,0,0.15384615384615385,1,0
java,com.fasterxml.jackson.databind,SerializationConfig,10,0,48,34,509,79,0,3,0.1875,30,10
java,com.fasterxml.jackson.databind,JsonSerializable,0,0,3,3,25,3,5,0,-1.0,4,2
java,com.fasterxml.jackson.databind,Base,0,0,1,1,12,1,1,1,-1.0,0,1
java,com.fasterxml.jackson.databind,AnnotationIntrospector,2,0,97,94,704,104,3,0,0.9072164948453608,51,12
java,com.fasterxml.jackson.databind,ReferenceProperty,2,0,7,7,36,7,0,0,0.42857142857142855,7,0
java,com.fasterxml.jackson.databind,KeyDeserializer,0,0,1,1,14,1,3,0,-1.0,18,1
java,com.fasterxml.jackson.databind,None,0,0,0,0,5,0,0,1,-1.0,0,0
java,com.fasterxml.jackson.databind,ObjectReader,14,0,155,118,1465,246,0,0,0.05806451612903226,5,17
java,com.fasterxml.jackson.databind,PropertyMetadata,13,5,24,21,196,35,0,0,0.08333333333333333,22,3
java,com.fasterxml.jackson.databind,MergeInfo,2,2,4,3,24,4,0,0,0.0,3,1
java,com.fasterxml.jackson.databind,BeanDescription,1,0,36,35,164,38,1,0,0.8611111111111112,42,2
java,com.fasterxml.jackson.databind,JsonDeserializer,0,0,20,19,143,20,5,1,-1.0,55,5
java,com.fasterxml.jackson.databind,None,0,0,1,0,7,1,0,2,-1.0,0,0
java,com.fasterxml.jackson.databind,JavaType,6,0,58,55,327,62,1,0,0.5,229,4
java,com.fasterxml.jackson.databind,AbstractTypeResolver,0,0,3,3,34,3,1,0,-1.0,6,3
java,com.fasterxml.jackson.databind,Module,0,0,33,33,149,33,1,0,-1.0,2,14
java,com.fasterxml.jackson.databind,SetupContext,0,0,28,28,118,28,0,0,-1.0,2,13
java,com.fasterxml.jackson.databind,PropertyNamingStrategy,8,8,15,14,222,28,1,0,1.0,9,6
java,com.fasterxml.jackson.databind,PropertyNamingStrategyBase,0,0,6,5,47,12,5,1,-1.0,3,4
java,com.fasterxml.jackson.databind,SnakeCaseStrategy,0,0,1,1,32,6,1,2,-1.0,0,0
java,com.fasterxml.jackson.databind,UpperCamelCaseStrategy,0,0,1,1,24,3,1,2,-1.0,0,0
java,com.fasterxml.jackson.databind,LowerCaseStrategy,0,0,1,1,9,1,0,2,-1.0,0,0
java,com.fasterxml.jackson.databind,KebabCaseStrategy,0,0,1,1,9,1,0,2,-1.0,0,1
java,com.fasterxml.jackson.databind,LowerDotCaseStrategy,0,0,1,1,9,1,0,2,-1.0,0,1
java,com.fasterxml.jackson.databind,LowerCaseWithUnderscoresStrategy,0,0,0,0,5,0,0,3,-1.0,0,0
java,com.fasterxml.jackson.databind,PascalCaseStrategy,0,0,0,0,5,0,0,3,-1.0,0,0
java,com.fasterxml.jackson.databind,DeserializationContext,13,0,102,95,1021,170,1,1,0.12745098039215685,146,30
java,com.fasterxml.jackson.databind,MappingIterator,13,0,18,13,267,45,0,0,0.2222222222222222,1,5
java,com.fasterxml.jackson.databind,SequenceWriter,11,0,14,10,212,40,0,0,0.14285714285714285,0,9
java,com.fasterxml.jackson.databind,SerializerProvider,15,1,74,63,835,153,1,1,0.12162162162162163,146,18
java,com.fasterxml.jackson.databind,ObjectMapper,19,0,294,267,2468,381,1,0,0.07142857142857142,4,53
java,com.fasterxml.jackson.databind,DefaultTypeResolverBuilder,3,0,8,7,81,19,0,2,0.375,2,7
java,com.fasterxml.jackson.databind,JsonSerializer,0,0,13,13,106,14,3,1,-1.0,54,7
java,com.fasterxml.jackson.databind,None,0,0,0,0,5,0,0,2,-1.0,0,0
java,com.fasterxml.jackson.databind,PropertyName,8,2,18,17,169,41,0,0,0.1111111111111111,48,3
java,com.fasterxml.jackson.databind.node,TreeTraversingParser,3,0,34,31,221,65,0,0,0.23529411764705882,0,3
java,com.fasterxml.jackson.databind.node,ContainerNode,2,0,33,31,113,33,2,4,0.21212121212121213,0,2
java,com.fasterxml.jackson.databind.node,DoubleNode,1,0,21,21,76,24,0,6,0.2857142857142857,1,1
java,com.fasterxml.jackson.databind.node,NodeSerialization,2,1,6,5,38,6,0,0,0.5,1,1
java,com.fasterxml.jackson.databind.node,DecimalNode,6,1,20,20,76,23,0,6,0.3,2,2
java,com.fasterxml.jackson.databind.node,IntNode,4,0,21,21,88,25,0,6,0.38095238095238093,1,1
java,com.fasterxml.jackson.databind.node,JsonNodeFactory,5,1,29,27,196,33,0,1,0.6896551724137931,11,14
java,com.fasterxml.jackson.databind.node,BaseJsonNode,1,0,14,12,55,15,2,3,1.0,1,6
java,com.fasterxml.jackson.databind.node,ShortNode,1,0,21,21,74,24,0,6,0.38095238095238093,1,1
java,com.fasterxml.jackson.databind.node,POJONode,2,0,15,14,92,26,0,5,0.2,1,2
java,com.fasterxml.jackson.databind.node,NumericNode,1,0,19,18,46,19,7,5,0.6842105263157895,1,0
java,com.fasterxml.jackson.databind.node,MissingNode,2,0,17,15,60,17,0,5,0.9411764705882353,7,3
java,com.fasterxml.jackson.databind.node,BinaryNode,3,0,11,11,70,19,0,5,0.36363636363636365,2,2
java,com.fasterxml.jackson.databind.node,InternalNodeMapper,4,0,4,4,32,4,0,0,1.0,2,4
java,com.fasterxml.jackson.databind.node,JsonNodeCreator,0,0,24,24,38,24,2,0,-1.0,0,1
java,com.fasterxml.jackson.databind.node,NullNode,2,1,11,9,42,11,0,5,0.9090909090909091,2,2
java,com.fasterxml.jackson.databind.node,NodeCursor,10,0,27,27,151,34,3,0,0.4074074074074074,5,2
java,com.fasterxml.jackson.databind.node,RootCursor,2,0,6,6,31,7,0,1,0.3333333333333333,0,2
java,com.fasterxml.jackson.databind.node,ArrayCursor,2,0,5,5,26,6,0,1,0.0,0,2
java,com.fasterxml.jackson.databind.node,ObjectCursor,3,0,5,5,35,7,0,1,0.0,0,2
java,com.fasterxml.jackson.databind.node,TextNode,3,0,17,16,101,26,0,5,0.29411764705882354,2,3
java,com.fasterxml.jackson.databind.node,ValueNode,1,0,19,17,65,19,7,4,0.9473684210526315,0,3
java,com.fasterxml.jackson.databind.node,ArrayNode,2,0,74,70,600,123,0,5,0.0945945945945946,6,8
java,com.fasterxml.jackson.databind.node,FloatNode,1,0,21,21,76,24,0,6,0.2857142857142857,1,1
java,com.fasterxml.jackson.databind.node,LongNode,1,0,21,21,74,24,0,6,0.3333333333333333,1,1
java,com.fasterxml.jackson.databind.node,BigIntegerNode,5,0,21,21,78,24,0,6,0.2857142857142857,1,1
java,com.fasterxml.jackson.databind.node,ObjectNode,2,0,67,64,530,105,0,5,0.13432835820895522,22,9
java,com.fasterxml.jackson.databind.node,BooleanNode,4,2,17,15,68,20,0,5,0.11764705882352941,2,2
java,com.fasterxml.jackson.databind.introspect,AnnotatedFieldCollector,6,3,8,3,97,23,0,1,0.0,1,8
java,com.fasterxml.jackson.databind.introspect,FieldBuilder,3,3,2,2,13,2,0,0,0.0,1,2
java,com.fasterxml.jackson.databind.introspect,BasicClassIntrospector,9,0,16,8,165,39,0,1,0.1875,0,11
java,com.fasterxml.jackson.databind.introspect,ClassIntrospector,0,0,10,9,50,10,1,0,-1.0,7,5
java,com.fasterxml.jackson.databind.introspect,MixInResolver,0,0,2,2,14,2,2,0,-1.0,8,0
java,com.fasterxml.jackson.databind.introspect,AnnotatedMethodCollector,5,3,8,3,136,33,0,1,0.0,1,10
java,com.fasterxml.jackson.databind.introspect,MethodBuilder,3,3,2,2,16,3,0,0,0.0,1,2
java,com.fasterxml.jackson.databind.introspect,VisibilityChecker,7,0,46,44,240,68,1,0,-1.0,9,4
java,com.fasterxml.jackson.databind.introspect,Std,7,0,27,25,173,49,0,1,0.0,3,4
java,com.fasterxml.jackson.databind.introspect,AnnotatedParameter,4,0,17,17,97,20,0,2,0.17647058823529413,16,6
java,com.fasterxml.jackson.databind.introspect,CollectorBase,3,0,9,0,92,26,3,0,0.2222222222222222,2,4
java,com.fasterxml.jackson.databind.introspect,VirtualAnnotatedMember,4,0,15,15,66,17,0,2,0.4666666666666667,1,5
java,com.fasterxml.jackson.databind.introspect,MemberKey,3,0,8,8,55,15,0,0,0.375,3,1
java,com.fasterxml.jackson.databind.introspect,SimpleMixInResolver,3,0,10,9,83,17,0,1,0.0,4,2
java,com.fasterxml.jackson.databind.introspect,BasicBeanDescription,9,0,45,38,466,116,0,1,0.13333333333333333,2,17
java,com.fasterxml.jackson.databind.introspect,ObjectIdInfo,6,0,11,9,57,13,0,0,0.36363636363636365,16,3
java,com.fasterxml.jackson.databind.introspect,NopAnnotationIntrospector,3,1,2,2,19,2,0,1,1.0,3,1
java,com.fasterxml.jackson.databind.introspect,AnnotationMap,1,0,13,11,100,26,0,1,0.23076923076923078,12,1
java,com.fasterxml.jackson.databind.introspect,Annotated,0,0,14,12,40,14,2,0,-1.0,17,0
java,com.fasterxml.jackson.databind.introspect,AnnotatedConstructor,6,0,25,22,123,30,0,3,0.0,6,4
java,com.fasterxml.jackson.databind.introspect,Serialization,3,0,1,1,12,1,0,0,0.0,3,0
java,com.fasterxml.jackson.databind.introspect,AnnotatedClass,18,3,36,30,277,47,0,1,0.1111111111111111,19,17
java,com.fasterxml.jackson.databind.introspect,Creators,3,3,1,1,19,1,0,0,0.0,1,1
java,com.fasterxml.jackson.databind.introspect,AnnotatedWithParams,2,0,14,11,75,17,2,2,0.5714285714285714,10,3
java,com.fasterxml.jackson.databind.introspect,AnnotatedMethodMap,1,0,6,6,35,9,0,0,0.3333333333333333,1,0
java,com.fasterxml.jackson.databind.introspect,ConcreteBeanPropertyBase,3,0,9,7,93,22,2,2,0.6666666666666666,1,5
java,com.fasterxml.jackson.databind.introspect,WithMember,0,0,1,1,3,1,0,0,-1.0,1,1
java,com.fasterxml.jackson.databind.introspect,AnnotatedCreatorCollector,3,0,12,1,253,68,0,1,0.16666666666666666,2,12
java,com.fasterxml.jackson.databind.introspect,AnnotatedField,6,0,20,17,113,22,0,2,0.15,12,4
java,com.fasterxml.jackson.databind.introspect,Serialization,3,0,1,1,12,1,0,0,0.0,0,0
java,com.fasterxml.jackson.databind.introspect,JacksonAnnotationIntrospector,6,0,94,79,956,240,0,1,0.7340425531914894,0,31
java,com.fasterxml.jackson.databind.introspect,BeanPropertyDefinition,1,0,34,34,162,38,2,1,0.6470588235294118,20,5
java,com.fasterxml.jackson.databind.introspect,AnnotatedClassResolver,13,0,18,4,210,53,0,0,0.1111111111111111,4,9
java,com.fasterxml.jackson.databind.introspect,POJOPropertiesCollector,19,0,40,14,805,191,0,0,0.0,1,14
java,com.fasterxml.jackson.databind.introspect,TypeResolutionContext,2,0,3,3,18,3,2,0,-1.0,12,2
java,com.fasterxml.jackson.databind.introspect,Basic,2,0,2,2,11,2,0,1,0.0,0,2
java,com.fasterxml.jackson.databind.introspect,AnnotationIntrospectorPair,3,0,89,87,514,138,0,1,0.02247191011235955,1,19
java,com.fasterxml.jackson.databind.introspect,AnnotationCollector,15,1,39,36,189,49,3,0,0.5128205128205128,8,3
java,com.fasterxml.jackson.databind.introspect,EmptyCollector,1,1,5,4,18,5,0,1,1.0,2,1
java,com.fasterxml.jackson.databind.introspect,OneCollector,2,0,5,5,26,6,0,1,0.0,0,1
java,com.fasterxml.jackson.databind.introspect,NCollector,1,0,5,5,31,7,0,1,0.0,0,1
java,com.fasterxml.jackson.databind.introspect,NoAnnotations,1,0,5,4,21,5,0,1,1.0,0,0
java,com.fasterxml.jackson.databind.introspect,OneAnnotation,3,0,5,5,29,8,0,1,0.4,0,0
java,com.fasterxml.jackson.databind.introspect,TwoAnnotations,5,0,5,5,34,9,0,1,0.4,0,0
java,com.fasterxml.jackson.databind.introspect,POJOPropertyBuilder,19,6,94,69,961,247,0,2,0.10638297872340426,2,18
java,com.fasterxml.jackson.databind.introspect,WithMember,0,0,1,1,3,1,0,0,-1.0,0,1
java,com.fasterxml.jackson.databind.introspect,MemberIterator,1,0,4,4,21,5,0,0,0.5,0,1
java,com.fasterxml.jackson.databind.introspect,Linked,6,6,9,8,96,25,0,0,0.0,3,2
java,com.fasterxml.jackson.databind.introspect,AnnotatedMethod,8,0,32,29,171,38,0,3,0.0,24,4
java,com.fasterxml.jackson.databind.introspect,Serialization,4,0,1,1,14,1,0,0,0.0,0,0
java,com.fasterxml.jackson.databind.introspect,AnnotatedMember,3,0,15,13,94,20,4,1,0.4,49,4
java,com.fasterxml.jackson.databind.module,SimpleSerializers,4,0,13,11,146,36,0,2,0.15384615384615385,1,12
java,com.fasterxml.jackson.databind.module,SimpleModule,14,0,32,30,343,62,0,1,0.15625,0,14
java,com.fasterxml.jackson.databind.module,SimpleAbstractTypeResolver,2,0,4,4,43,8,0,1,0.75,1,3
java,com.fasterxml.jackson.databind.module,SimpleKeyDeserializers,2,0,3,3,22,5,0,1,0.6666666666666666,1,4
java,com.fasterxml.jackson.databind.module,SimpleDeserializers,3,0,15,14,88,23,0,2,0.2,1,14
java,com.fasterxml.jackson.databind.module,SimpleValueInstantiators,2,0,3,3,18,3,0,2,0.0,1,4
java,com.fasterxml.jackson.databind.deser,DefaultDeserializationContext,4,0,20,11,212,49,1,2,0.85,3,14
java,com.fasterxml.jackson.databind.deser,Impl,1,0,7,4,31,7,0,3,1.0,2,5
java,com.fasterxml.jackson.databind.deser,UnresolvedForwardReference,3,0,9,9,66,12,0,1,0.2222222222222222,15,2
java,com.fasterxml.jackson.databind.deser,ContextualDeserializer,0,0,1,1,13,1,18,0,-1.0,0,2
java,com.fasterxml.jackson.databind.deser,NullValueProvider,0,0,2,2,14,2,4,0,-1.0,29,1
java,com.fasterxml.jackson.databind.deser,SettableBeanProperty,13,0,78,63,494,98,7,3,0.08974358974358974,35,18
java,com.fasterxml.jackson.databind.deser,Delegating,1,0,28,24,96,29,3,4,0.0,0,6
java,com.fasterxml.jackson.databind.deser,DeserializerFactory,1,0,20,20,77,20,1,0,1.0,5,15
java,com.fasterxml.jackson.databind.deser,CreatorProperty,6,0,27,22,177,34,0,4,0.2222222222222222,3,14
java,com.fasterxml.jackson.databind.deser,BeanDeserializerModifier,0,0,11,11,84,11,0,0,-1.0,7,12
java,com.fasterxml.jackson.databind.deser,BeanDeserializerBuilder,13,0,32,26,295,57,0,0,0.0625,7,19
java,com.fasterxml.jackson.databind.deser,BuilderBasedDeserializer,3,0,30,14,567,116,0,4,0.3,1,15
java,com.fasterxml.jackson.databind.deser,KeyDeserializers,0,0,1,1,6,1,2,0,-1.0,6,3
java,com.fasterxml.jackson.databind.deser,SettableAnyProperty,11,0,16,13,148,25,0,0,0.125,7,13
java,com.fasterxml.jackson.databind.deser,AnySetterReferring,3,0,2,2,17,3,0,1,0.0,1,2
java,com.fasterxml.jackson.databind.deser,BeanDeserializer,6,0,35,14,786,155,1,4,0.45714285714285713,1,15
java,com.fasterxml.jackson.databind.deser,BeanReferring,3,0,3,2,22,4,0,1,0.0,1,5
java,com.fasterxml.jackson.databind.deser,DataFormatReaders,11,1,25,22,230,40,0,0,0.28,1,4
java,com.fasterxml.jackson.databind.deser,AccessorForReader,0,0,4,4,17,4,0,0,-1.0,1,1
java,com.fasterxml.jackson.databind.deser,Match,6,0,7,6,80,10,0,0,0.0,1,1
java,com.fasterxml.jackson.databind.deser,ValueInstantiator,2,0,36,35,223,42,2,0,0.2777777777777778,29,4
java,com.fasterxml.jackson.databind.deser,Gettable,0,0,1,1,6,1,2,0,-1.0,0,0
java,com.fasterxml.jackson.databind.deser,Base,2,0,4,4,19,4,8,1,0.0,0,1
java,com.fasterxml.jackson.databind.deser,AbstractDeserializer,9,0,15,11,189,38,0,2,0.3333333333333333,2,18
java,com.fasterxml.jackson.databind.deser,BeanDeserializerFactory,3,1,23,6,549,113,0,2,0.13043478260869565,2,29
java,com.fasterxml.jackson.databind.deser,BasicDeserializerFactory,10,0,65,25,1446,339,1,1,0.09230769230769231,0,64
java,com.fasterxml.jackson.databind.deser,ContainerDefaultMappings,2,0,2,2,40,2,0,0,1.0,1,1
java,com.fasterxml.jackson.databind.deser,DeserializationProblemHandler,1,1,12,12,122,12,0,0,0.3333333333333333,7,5
java,com.fasterxml.jackson.databind.deser,BeanDeserializerBase,21,0,69,39,1092,217,4,3,0.11594202898550725,4,36
java,com.fasterxml.jackson.databind.deser,UnresolvedId,3,0,5,5,32,5,0,0,0.0,1,1
java,com.fasterxml.jackson.databind.deser,ResolvableDeserializer,0,0,1,1,10,1,7,0,-1.0,0,1
java,com.fasterxml.jackson.databind.deser,ValueInstantiators,0,0,2,2,21,2,1,0,-1.0,7,3
java,com.fasterxml.jackson.databind.deser,Base,0,0,1,1,8,1,0,1,-1.0,0,3
java,com.fasterxml.jackson.databind.deser,DeserializerCache,3,0,21,7,331,75,0,0,0.14285714285714285,2,15
java,com.fasterxml.jackson.databind.deser,ContextualKeyDeserializer,0,0,1,1,12,1,0,0,-1.0,0,2
java,com.fasterxml.jackson.databind.deser,Deserializers,0,0,19,19,130,19,1,0,-1.0,8,12
java,com.fasterxml.jackson.databind.deser,Base,0,0,10,10,39,10,0,1,-1.0,0,12
java,com.fasterxml.jackson.databind.deser.impl,InnerClassProperty,3,0,7,3,68,12,0,5,0.2857142857142857,0,4
java,com.fasterxml.jackson.databind.deser.impl,PropertyBasedCreator,6,0,14,13,149,31,0,0,0.5,9,8
java,com.fasterxml.jackson.databind.deser.impl,CaseInsensitiveMap,2,0,5,5,28,5,0,0,0.6,1,1
java,com.fasterxml.jackson.databind.deser.impl,UnwrappedPropertyHandler,1,0,5,4,40,9,0,0,0.0,1,5
java,com.fasterxml.jackson.databind.deser.impl,CreatorCollector,19,0,17,13,210,41,0,0,0.0,1,11
java,com.fasterxml.jackson.databind.deser.impl,ObjectIdReferenceProperty,4,1,16,16,83,20,0,4,0.25,2,10
java,com.fasterxml.jackson.databind.deser.impl,PropertyReferring,2,1,2,2,15,3,0,1,0.0,0,2
java,com.fasterxml.jackson.databind.deser.impl,BeanPropertyMap,10,0,39,23,543,112,0,0,0.1794871794871795,10,9
java,com.fasterxml.jackson.databind.deser.impl,ValueInjector,2,0,4,4,26,4,0,3,0.5,0,7
java,com.fasterxml.jackson.databind.deser.impl,PropertyValueBuffer,9,0,13,11,201,39,0,0,0.15384615384615385,11,8
java,com.fasterxml.jackson.databind.deser.impl,TypeWrappedDeserializer,3,0,10,10,40,10,0,2,0.2,0,4
java,com.fasterxml.jackson.databind.deser.impl,MethodProperty,4,0,15,11,141,26,0,4,0.26666666666666666,1,12
java,com.fasterxml.jackson.databind.deser.impl,ExternalTypeHandler,12,0,23,16,352,63,0,0,0.21739130434782608,4,11
java,com.fasterxml.jackson.databind.deser.impl,Builder,3,0,4,2,48,8,0,0,0.0,1,6
java,com.fasterxml.jackson.databind.deser.impl,ExtTypedProperty,4,0,8,8,48,9,0,0,0.25,2,2
java,com.fasterxml.jackson.databind.deser.impl,JavaUtilCollectionsDeserializers,17,1,8,5,128,24,0,0,0.25,2,6
java,com.fasterxml.jackson.databind.deser.impl,JavaUtilCollectionsConverter,2,0,5,3,57,14,0,1,0.0,1,3
java,com.fasterxml.jackson.databind.deser.impl,NullsFailProvider,3,0,6,5,27,6,0,1,0.6666666666666666,3,6
java,com.fasterxml.jackson.databind.deser.impl,BeanAsArrayDeserializer,3,0,13,9,241,47,0,4,0.15384615384615385,0,8
java,com.fasterxml.jackson.databind.deser.impl,CreatorCandidate,7,3,15,14,101,25,0,0,0.13333333333333333,1,5
java,com.fasterxml.jackson.databind.deser.impl,Param,3,3,3,3,23,5,0,0,0.0,0,3
java,com.fasterxml.jackson.databind.deser.impl,NullsAsEmptyProvider,2,0,3,3,16,3,0,1,0.6666666666666666,0,2
java,com.fasterxml.jackson.databind.deser.impl,FieldProperty,4,0,15,11,143,27,0,4,0.3333333333333333,1,13
java,com.fasterxml.jackson.databind.deser.impl,ObjectIdValueProperty,2,0,12,10,64,16,0,4,0.5,3,9
java,com.fasterxml.jackson.databind.deser.impl,FailingDeserializer,2,0,2,2,15,2,0,3,0.0,0,1
java,com.fasterxml.jackson.databind.deser.impl,MergingSettableBeanProperty,2,0,8,5,65,15,0,5,0.5,2,4
java,com.fasterxml.jackson.databind.deser.impl,PropertyValue,6,2,8,7,59,8,3,0,0.25,5,3
java,com.fasterxml.jackson.databind.deser.impl,Regular,1,0,2,2,13,2,0,1,0.0,0,2
java,com.fasterxml.jackson.databind.deser.impl,Any,2,0,2,2,15,2,0,1,0.0,0,2
java,com.fasterxml.jackson.databind.deser.impl,Map,1,0,2,2,13,2,0,1,0.0,13,1
java,com.fasterxml.jackson.databind.deser.impl,JDKValueInstantiators,8,3,17,17,99,26,0,0,0.9411764705882353,1,7
java,com.fasterxml.jackson.databind.deser.impl,ArrayListInstantiator,2,1,4,4,16,4,0,2,1.0,2,3
java,com.fasterxml.jackson.databind.deser.impl,HashMapInstantiator,2,1,4,4,16,4,0,2,1.0,2,3
java,com.fasterxml.jackson.databind.deser.impl,LinkedHashMapInstantiator,2,1,4,4,16,4,0,2,1.0,2,3
java,com.fasterxml.jackson.databind.deser.impl,ConstantValueInstantiator,2,0,4,4,17,4,0,2,0.75,0,2
java,com.fasterxml.jackson.databind.deser.impl,ObjectIdReader,7,4,7,6,59,7,0,0,0.0,12,5
java,com.fasterxml.jackson.databind.deser.impl,NullsConstantProvider,5,0,8,7,47,9,0,1,0.375,9,3
java,com.fasterxml.jackson.databind.deser.impl,ErrorThrowingDeserializer,1,0,2,2,13,2,0,2,0.0,0,1
java,com.fasterxml.jackson.databind.deser.impl,ManagedReferenceProperty,4,0,7,6,68,18,0,5,0.2857142857142857,0,3
java,com.fasterxml.jackson.databind.deser.impl,PropertyBasedObjectIdGenerator,1,0,5,5,21,6,0,0,1.0,0,0
java,com.fasterxml.jackson.databind.deser.impl,ReadableObjectId,6,0,17,17,95,21,0,0,0.23529411764705882,6,4
java,com.fasterxml.jackson.databind.deser.impl,Referring,2,0,6,6,22,6,5,0,0.3333333333333333,4,2
java,com.fasterxml.jackson.databind.deser.impl,SetterlessProperty,3,0,13,11,79,17,0,4,0.38461538461538464,1,11
java,com.fasterxml.jackson.databind.deser.impl,BeanAsArrayBuilderDeserializer,5,0,15,10,215,41,0,4,0.2,0,11
java,com.fasterxml.jackson.databind.deser.std,AtomicBooleanDeserializer,1,0,2,2,9,2,0,4,1.0,0,1
java,com.fasterxml.jackson.databind.deser.std,EnumSetDeserializer,6,0,17,12,161,31,0,3,0.23529411764705882,1,10
java,com.fasterxml.jackson.databind.deser.std,UUIDDeserializer,2,0,11,1,89,19,0,5,0.18181818181818182,1,3
java,com.fasterxml.jackson.databind.deser.std,EnumMapDeserializer,8,0,14,12,266,49,0,4,0.21428571428571427,1,13
java,com.fasterxml.jackson.databind.deser.std,ContainerDeserializerBase,4,0,13,8,108,18,6,3,0.46153846153846156,1,10
java,com.fasterxml.jackson.databind.deser.std,DelegatingDeserializer,2,0,17,16,68,20,0,3,0.0,0,6
java,com.fasterxml.jackson.databind.deser.std,CollectionDeserializer,10,1,20,13,295,52,1,4,0.25,1,14
java,com.fasterxml.jackson.databind.deser.std,CollectionReferringAccumulator,3,0,4,4,44,7,0,0,0.0,2,2
java,com.fasterxml.jackson.databind.deser.std,CollectionReferring,2,1,2,1,14,2,0,1,0.0,2,2
java,com.fasterxml.jackson.databind.deser.std,StdDeserializer,5,0,64,5,859,191,16,2,0.1875,5,18
java,com.fasterxml.jackson.databind.deser.std,StringCollectionDeserializer,4,0,12,8,177,35,0,4,0.25,0,9
java,com.fasterxml.jackson.databind.deser.std,TokenBufferDeserializer,1,0,3,2,15,3,0,4,0.6666666666666666,0,1
java,com.fasterxml.jackson.databind.deser.std,StringDeserializer,2,1,5,5,45,12,0,4,0.8,2,3
java,com.fasterxml.jackson.databind.deser.std,NullifyingDeserializer,2,1,4,4,39,10,0,3,1.0,4,4
java,com.fasterxml.jackson.databind.deser.std,ArrayBlockingQueueDeserializer,1,0,7,3,46,10,0,5,1.0,1,7
java,com.fasterxml.jackson.databind.deser.std,JsonNodeDeserializer,5,0,12,9,98,22,0,4,0.9166666666666666,2,6
java,com.fasterxml.jackson.databind.deser.std,ObjectDeserializer,2,0,4,3,32,8,0,4,1.0,2,3
java,com.fasterxml.jackson.databind.deser.std,ArrayDeserializer,2,0,4,3,26,6,0,4,1.0,2,3
java,com.fasterxml.jackson.databind.deser.std,BaseNodeDeserializer,1,0,14,4,360,97,3,3,0.2857142857142857,0,7
java,com.fasterxml.jackson.databind.deser.std,ReferenceTypeDeserializer,5,0,16,15,113,24,1,3,0.25,0,7
java,com.fasterxml.jackson.databind.deser.std,ByteBufferDeserializer,1,0,3,2,16,3,0,4,1.0,0,1
java,com.fasterxml.jackson.databind.deser.std,StdScalarDeserializer,1,0,8,5,37,8,13,3,1.0,1,5
java,com.fasterxml.jackson.databind.deser.std,StdKeyDeserializer,36,17,23,12,359,75,4,1,0.30434782608695654,1,8
java,com.fasterxml.jackson.databind.deser.std,StringKD,3,0,3,2,20,5,0,2,1.0,2,2
java,com.fasterxml.jackson.databind.deser.std,DelegatingKD,3,0,3,2,34,5,0,1,0.0,0,3
java,com.fasterxml.jackson.databind.deser.std,EnumKD,5,0,3,1,48,8,0,2,0.0,0,4
java,com.fasterxml.jackson.databind.deser.std,StringCtorKeyDeserializer,2,0,2,2,14,2,0,2,0.0,0,1
java,com.fasterxml.jackson.databind.deser.std,StringFactoryKeyDeserializer,2,0,2,2,14,2,0,2,0.0,0,1
java,com.fasterxml.jackson.databind.deser.std,AtomicReferenceDeserializer,1,0,8,8,31,8,0,4,0.875,0,6
java,com.fasterxml.jackson.databind.deser.std,FactoryBasedEnumDeserializer,8,0,12,7,157,28,0,3,0.25,0,13
java,com.fasterxml.jackson.databind.deser.std,MapEntryDeserializer,4,0,10,7,138,24,0,4,0.4,1,7
java,com.fasterxml.jackson.databind.deser.std,StackTraceElementDeserializer,1,0,4,2,73,18,0,4,0.5,0,1
java,com.fasterxml.jackson.databind.deser.std,PrimitiveArrayDeserializers,13,2,71,23,663,149,8,3,0.7605633802816901,2,25
java,com.fasterxml.jackson.databind.deser.std,CharDeser,1,0,7,2,76,19,0,4,1.0,2,3
java,com.fasterxml.jackson.databind.deser.std,BooleanDeser,1,0,7,2,65,14,0,4,1.0,2,5
java,com.fasterxml.jackson.databind.deser.std,ByteDeser,1,0,7,2,102,21,0,4,1.0,2,5
java,com.fasterxml.jackson.databind.deser.std,ShortDeser,1,0,7,2,59,12,0,4,1.0,2,5
java,com.fasterxml.jackson.databind.deser.std,IntDeser,2,1,7,2,63,13,0,4,1.0,2,5
java,com.fasterxml.jackson.databind.deser.std,LongDeser,2,1,7,2,63,13,0,4,1.0,2,5
java,com.fasterxml.jackson.databind.deser.std,FloatDeser,1,0,7,2,54,12,0,4,1.0,2,5
java,com.fasterxml.jackson.databind.deser.std,DoubleDeser,1,0,7,2,54,12,0,4,1.0,2,5
java,com.fasterxml.jackson.databind.deser.std,NumberDeserializers,32,3,42,34,701,186,0,0,0.7380952380952381,1,15
java,com.fasterxml.jackson.databind.deser.std,PrimitiveOrWrapperDeserializer,4,0,4,3,30,7,8,4,0.0,0,1
java,com.fasterxml.jackson.databind.deser.std,BooleanDeserializer,3,0,4,3,65,18,0,5,0.5,2,3
java,com.fasterxml.jackson.databind.deser.std,ByteDeserializer,3,0,3,2,55,13,0,5,0.6666666666666666,2,2
java,com.fasterxml.jackson.databind.deser.std,ShortDeserializer,3,0,3,2,52,12,0,5,0.6666666666666666,2,2
java,com.fasterxml.jackson.databind.deser.std,CharacterDeserializer,3,0,2,2,34,9,0,5,1.0,2,2
java,com.fasterxml.jackson.databind.deser.std,IntegerDeserializer,3,0,5,4,62,17,0,5,0.6,2,3
java,com.fasterxml.jackson.databind.deser.std,LongDeserializer,3,0,4,3,48,13,0,5,0.75,2,2
java,com.fasterxml.jackson.databind.deser.std,FloatDeserializer,3,0,3,2,57,15,0,5,0.6666666666666666,2,2
java,com.fasterxml.jackson.databind.deser.std,DoubleDeserializer,3,0,4,3,60,16,0,5,0.5,2,4
java,com.fasterxml.jackson.databind.deser.std,NumberDeserializer,1,1,3,3,79,23,0,4,0.6666666666666666,2,3
java,com.fasterxml.jackson.databind.deser.std,BigIntegerDeserializer,1,1,3,3,45,12,0,4,1.0,2,2
java,com.fasterxml.jackson.databind.deser.std,BigDecimalDeserializer,1,1,3,3,32,8,0,4,1.0,2,2
java,com.fasterxml.jackson.databind.deser.std,StdDelegatingDeserializer,4,0,14,10,110,20,0,3,0.0,1,9
java,com.fasterxml.jackson.databind.deser.std,JsonLocationInstantiator,1,0,7,4,29,7,0,2,0.5714285714285714,1,7
java,com.fasterxml.jackson.databind.deser.std,StringArrayDeserializer,7,1,11,8,229,41,0,3,0.45454545454545453,2,10
java,com.fasterxml.jackson.databind.deser.std,MapDeserializer,16,2,29,19,599,110,0,4,0.10344827586206896,2,20
java,com.fasterxml.jackson.databind.deser.std,MapReferringAccumulator,3,0,4,4,41,7,0,0,0.0,2,3
java,com.fasterxml.jackson.databind.deser.std,MapReferring,3,2,2,1,16,2,0,1,0.0,2,3
java,com.fasterxml.jackson.databind.deser.std,ObjectArrayDeserializer,6,0,14,11,226,41,0,4,0.21428571428571427,1,8
java,com.fasterxml.jackson.databind.deser.std,FromStringDeserializer,15,13,11,3,216,54,4,4,0.45454545454545453,2,4
java,com.fasterxml.jackson.databind.deser.std,Std,15,13,4,0,110,27,0,5,0.0,1,2
java,com.fasterxml.jackson.databind.deser.std,DateDeserializers,5,1,24,16,235,48,0,0,0.7083333333333334,1,8
java,com.fasterxml.jackson.databind.deser.std,DateBasedDeserializer,2,0,5,1,103,20,4,4,0.0,2,4
java,com.fasterxml.jackson.databind.deser.std,CalendarDeserializer,1,0,5,4,43,8,0,5,0.4,2,2
java,com.fasterxml.jackson.databind.deser.std,DateDeserializer,1,1,4,3,18,4,0,5,1.0,2,2
java,com.fasterxml.jackson.databind.deser.std,SqlDateDeserializer,0,0,4,3,18,4,0,5,-1.0,2,2
java,com.fasterxml.jackson.databind.deser.std,TimestampDeserializer,0,0,4,3,18,4,0,5,-1.0,2,2
java,com.fasterxml.jackson.databind.deser.std,StdKeyDeserializers,1,0,5,5,40,10,0,1,1.0,1,8
java,com.fasterxml.jackson.databind.deser.std,ThrowableDeserializer,2,0,4,3,98,23,0,5,1.0,0,4
java,com.fasterxml.jackson.databind.deser.std,StdValueInstantiator,18,0,45,39,334,68,0,1,0.044444444444444446,2,8
java,com.fasterxml.jackson.databind.deser.std,EnumDeserializer,6,0,14,9,184,37,0,4,0.35714285714285715,2,9
java,com.fasterxml.jackson.databind.deser.std,StdNodeBasedDeserializer,2,0,7,4,34,7,0,3,0.42857142857142855,1,5
java,com.fasterxml.jackson.databind.deser.std,JdkDeserializers,1,0,2,2,42,9,0,0,0.0,1,3
java,com.fasterxml.jackson.databind.deser.std,UntypedObjectDeserializer,12,1,28,16,649,162,0,3,0.35714285714285715,1,11
java,com.fasterxml.jackson.databind.deser.std,Vanilla,3,1,10,6,248,63,0,3,0.4,2,5
java,com.fasterxml.jackson.databind.exc,ValueInstantiationException,1,0,5,3,27,5,0,1,0.6,1,1
java,com.fasterxml.jackson.databind.exc,UnrecognizedPropertyException,1,0,3,3,35,4,0,3,1.0,2,1
java,com.fasterxml.jackson.databind.exc,MismatchedInputException,1,0,9,5,43,9,4,1,0.5555555555555556,3,3
java,com.fasterxml.jackson.databind.exc,InvalidTypeIdException,3,0,4,4,29,4,0,2,0.5,2,1
java,com.fasterxml.jackson.databind.exc,InvalidDefinitionException,3,0,11,7,63,11,0,1,0.45454545454545453,5,3
java,com.fasterxml.jackson.databind.exc,PropertyBindingException,5,0,6,4,90,12,2,2,0.3333333333333333,0,0
java,com.fasterxml.jackson.databind.exc,InvalidFormatException,2,0,5,5,43,5,0,2,0.4,3,0
java,com.fasterxml.jackson.databind.exc,InvalidNullException,2,0,3,2,26,4,0,2,0.6666666666666666,3,5
java,com.fasterxml.jackson.databind.exc,IgnoredPropertyException,1,0,3,3,39,4,0,3,1.0,2,1
java,com.fasterxml.jackson.databind.annotation,NoClass,0,0,1,0,7,1,0,0,-1.0,0,0
java,com.fasterxml.jackson.databind.annotation,Value,2,2,2,2,14,2,0,0,0.0,4,0
java,com.fasterxml.jackson.databind.json,JsonMapper,1,0,18,17,92,24,0,1,0.8888888888888888,3,1
java,com.fasterxml.jackson.databind.json,Builder,0,0,7,7,51,13,0,1,-1.0,0,1
java,com.fasterxml.jackson.databind.ext,CoreXMLSerializers,2,0,10,8,51,13,0,2,0.3,0,12
java,com.fasterxml.jackson.databind.ext,XMLGregorianCalendarSerializer,2,0,9,7,36,10,0,3,0.2222222222222222,2,8
java,com.fasterxml.jackson.databind.ext,NioPathSerializer,1,0,3,3,17,3,0,4,0.6666666666666666,0,2
java,com.fasterxml.jackson.databind.ext,Java7SupportImpl,1,0,4,4,39,9,0,1,1.0,0,4
java,com.fasterxml.jackson.databind.ext,DOMSerializer,1,0,4,4,25,6,0,3,0.75,0,3
java,com.fasterxml.jackson.databind.ext,Java7HandlersImpl,1,0,4,4,24,6,0,1,0.0,0,0
java,com.fasterxml.jackson.databind.ext,OptionalHandlerFactory,11,1,6,3,130,23,0,0,0.3333333333333333,3,8
java,com.fasterxml.jackson.databind.ext,Java7Handlers,1,0,4,4,24,4,1,0,1.0,2,1
java,com.fasterxml.jackson.databind.ext,CoreXMLDeserializers,6,0,6,4,86,16,0,2,0.3333333333333333,0,5
java,com.fasterxml.jackson.databind.ext,Std,2,0,4,2,50,11,0,5,0.0,0,1
java,com.fasterxml.jackson.databind.ext,NioPathDeserializer,2,0,2,2,63,8,0,4,1.0,0,1
java,com.fasterxml.jackson.databind.ext,Java7Support,1,0,4,4,22,4,1,0,1.0,2,3
java,com.fasterxml.jackson.databind.ext,DOMDeserializer,4,0,8,5,67,8,2,5,0.625,0,1
java,com.fasterxml.jackson.databind.ext,NodeDeserializer,1,0,2,2,9,2,0,6,1.0,0,1
java,com.fasterxml.jackson.databind.ext,DocumentDeserializer,1,0,2,2,9,2,0,6,1.0,0,1
java,com.fasterxml.jackson.databind.jsonFormatVisitors,JsonFormatVisitorWithSerializerProvider,0,0,2,2,7,2,4,0,-1.0,0,1
java,com.fasterxml.jackson.databind.jsonFormatVisitors,JsonValueFormatVisitor,0,0,4,2,19,4,5,0,-1.0,8,0
java,com.fasterxml.jackson.databind.jsonFormatVisitors,Base,0,0,2,2,9,2,4,1,-1.0,0,0
java,com.fasterxml.jackson.databind.jsonFormatVisitors,JsonMapFormatVisitor,1,0,8,8,31,8,1,1,-1.0,1,3
java,com.fasterxml.jackson.databind.jsonFormatVisitors,Base,1,0,6,6,21,6,0,2,0.6666666666666666,0,3
java,com.fasterxml.jackson.databind.jsonFormatVisitors,JsonStringFormatVisitor,0,0,0,0,7,0,1,1,-1.0,3,1
java,com.fasterxml.jackson.databind.jsonFormatVisitors,Base,0,0,0,0,5,0,0,2,-1.0,0,1
java,com.fasterxml.jackson.databind.jsonFormatVisitors,JsonFormatVisitable,0,0,1,1,10,1,5,0,-1.0,6,2
java,com.fasterxml.jackson.databind.jsonFormatVisitors,JsonObjectFormatVisitor,1,0,12,12,40,12,1,1,-1.0,15,4
java,com.fasterxml.jackson.databind.jsonFormatVisitors,Base,1,0,8,8,25,8,0,2,0.75,0,4
java,com.fasterxml.jackson.databind.jsonFormatVisitors,JsonIntegerFormatVisitor,0,0,2,2,13,2,1,1,-1.0,1,1
java,com.fasterxml.jackson.databind.jsonFormatVisitors,Base,0,0,1,1,7,1,0,2,-1.0,0,1
java,com.fasterxml.jackson.databind.jsonFormatVisitors,JsonNullFormatVisitor,0,0,0,0,7,0,1,0,-1.0,0,0
java,com.fasterxml.jackson.databind.jsonFormatVisitors,Base,0,0,0,0,5,0,0,1,-1.0,0,0
java,com.fasterxml.jackson.databind.jsonFormatVisitors,JsonArrayFormatVisitor,1,0,8,6,33,8,1,1,-1.0,7,3
java,com.fasterxml.jackson.databind.jsonFormatVisitors,Base,1,0,6,6,21,6,0,2,0.6666666666666666,0,3
java,com.fasterxml.jackson.databind.jsonFormatVisitors,JsonBooleanFormatVisitor,0,0,0,0,7,0,1,1,-1.0,0,1
java,com.fasterxml.jackson.databind.jsonFormatVisitors,Base,0,0,0,0,5,0,0,2,-1.0,0,1
java,com.fasterxml.jackson.databind.jsonFormatVisitors,JsonFormatVisitorWrapper,1,0,22,22,87,22,1,1,-1.0,55,2
java,com.fasterxml.jackson.databind.jsonFormatVisitors,Base,1,0,13,13,45,13,0,2,0.8461538461538461,0,2
java,com.fasterxml.jackson.databind.jsonFormatVisitors,JsonNumberFormatVisitor,0,0,2,2,13,2,1,1,-1.0,1,1
java,com.fasterxml.jackson.databind.jsonFormatVisitors,Base,0,0,1,1,7,1,0,2,-1.0,0,1
java,com.fasterxml.jackson.databind.jsonFormatVisitors,JsonAnyFormatVisitor,0,0,0,0,7,0,1,0,-1.0,0,0
java,com.fasterxml.jackson.databind.jsonFormatVisitors,Base,0,0,0,0,5,0,0,1,-1.0,0,0
java,com.fasterxml.jackson.databind.ser,SerializerFactory,0,0,7,7,37,7,1,0,-1.0,6,5
java,com.fasterxml.jackson.databind.ser,Serializers,0,0,14,14,64,14,1,0,-1.0,8,11
java,com.fasterxml.jackson.databind.ser,Base,0,0,7,7,26,7,2,1,-1.0,0,11
java,com.fasterxml.jackson.databind.ser,BeanPropertyFilter,0,0,3,3,31,3,1,0,-1.0,3,4
java,com.fasterxml.jackson.databind.ser,FilterProvider,0,0,2,2,25,3,1,0,-1.0,5,2
java,com.fasterxml.jackson.databind.ser,PropertyBuilder,7,0,8,2,213,39,0,0,0.0,1,15
java,com.fasterxml.jackson.databind.ser,BeanSerializerBuilder,9,0,20,18,148,32,0,0,0.0,5,7
java,com.fasterxml.jackson.databind.ser,BeanSerializer,1,0,14,8,83,17,0,4,1.0,1,6
java,com.fasterxml.jackson.databind.ser,ResolvableSerializer,0,0,1,1,10,1,2,0,-1.0,0,1
java,com.fasterxml.jackson.databind.ser,BeanSerializerFactory,2,1,23,6,469,98,0,2,0.13043478260869565,2,27
java,com.fasterxml.jackson.databind.ser,BeanPropertyWriter,19,1,49,40,594,106,4,4,0.10204081632653061,15,19
java,com.fasterxml.jackson.databind.ser,VirtualBeanPropertyWriter,1,0,13,4,152,38,1,5,0.8461538461538461,2,11
java,com.fasterxml.jackson.databind.ser,ContainerSerializer,0,0,10,4,57,11,4,3,-1.0,1,5
java,com.fasterxml.jackson.databind.ser,PropertyWriter,1,0,14,11,64,15,2,3,1.0,5,6
java,com.fasterxml.jackson.databind.ser,AnyGetterWriter,4,0,5,5,66,14,0,0,0.0,2,7
java,com.fasterxml.jackson.databind.ser,PropertyFilter,0,0,4,4,37,4,1,0,-1.0,4,4
java,com.fasterxml.jackson.databind.ser,BeanSerializerModifier,0,0,11,11,83,11,0,0,-1.0,7,10
java,com.fasterxml.jackson.databind.ser,ContextualSerializer,0,0,1,1,13,1,20,0,-1.0,0,2
java,com.fasterxml.jackson.databind.ser,BasicSerializerFactory,3,0,39,13,793,181,1,1,0.10256410256410256,0,39
java,com.fasterxml.jackson.databind.ser,DefaultSerializerProvider,5,0,29,20,396,77,1,2,0.6896551724137931,5,17
java,com.fasterxml.jackson.databind.ser,Impl,1,0,5,4,24,6,0,3,1.0,2,4
java,com.fasterxml.jackson.databind.ser,SerializerCache,2,0,14,13,118,24,0,0,0.14285714285714285,1,3
java,com.fasterxml.jackson.databind.ser.impl,StringArraySerializer,3,1,14,12,116,29,0,5,0.5,2,9
java,com.fasterxml.jackson.databind.ser.impl,ReadOnlyClassToSerializerMap,8,2,13,12,123,31,0,0,0.15384615384615385,3,5
java,com.fasterxml.jackson.databind.ser.impl,Bucket,5,2,5,5,26,5,0,0,0.0,2,4
java,com.fasterxml.jackson.databind.ser.impl,ObjectIdWriter,5,5,4,3,51,5,0,0,0.0,7,3
java,com.fasterxml.jackson.databind.ser.impl,IndexedStringListSerializer,2,1,8,4,57,12,0,4,0.75,2,5
java,com.fasterxml.jackson.databind.ser.impl,SimpleFilterProvider,4,0,16,14,116,23,0,1,0.25,1,4
java,com.fasterxml.jackson.databind.ser.impl,UnwrappingBeanPropertyWriter,2,0,11,7,128,30,0,5,0.2727272727272727,1,11
java,com.fasterxml.jackson.databind.ser.impl,WritableObjectId,3,2,4,4,48,9,0,0,0.0,2,2
java,com.fasterxml.jackson.databind.ser.impl,UnknownSerializer,0,0,8,7,37,10,0,3,-1.0,0,4
java,com.fasterxml.jackson.databind.ser.impl,TypeWrappedSerializer,2,0,7,7,37,9,0,2,0.2857142857142857,0,4
java,com.fasterxml.jackson.databind.ser.impl,BeanAsArraySerializer,2,0,14,8,108,20,0,4,0.5,0,7
java,com.fasterxml.jackson.databind.ser.impl,IndexedListSerializer,1,0,10,10,135,28,0,5,0.7,1,7
java,com.fasterxml.jackson.databind.ser.impl,UnwrappingBeanSerializer,2,0,13,10,82,18,0,4,0.7692307692307693,1,6
java,com.fasterxml.jackson.databind.ser.impl,SimpleBeanPropertyFilter,5,0,29,20,164,38,2,1,0.6896551724137931,2,7
java,com.fasterxml.jackson.databind.ser.impl,FilterExceptFilter,2,0,3,1,19,3,0,2,0.0,0,2
java,com.fasterxml.jackson.databind.ser.impl,SerializeExceptFilter,3,0,4,1,23,4,0,2,0.0,2,3
java,com.fasterxml.jackson.databind.ser.impl,PropertySerializerMap,15,6,30,27,242,48,4,0,0.13333333333333333,19,7
java,com.fasterxml.jackson.databind.ser.impl,SerializerAndMapResult,2,2,1,1,11,1,0,0,0.0,8,2
java,com.fasterxml.jackson.databind.ser.impl,TypeAndSerializer,2,2,1,1,11,1,0,0,0.0,2,1
java,com.fasterxml.jackson.databind.ser.impl,Empty,2,2,3,2,16,3,0,1,1.0,2,2
java,com.fasterxml.jackson.databind.ser.impl,Single,2,0,3,3,21,4,0,1,0.0,0,2
java,com.fasterxml.jackson.databind.ser.impl,Double,4,0,3,3,27,5,0,1,0.0,0,2
java,com.fasterxml.jackson.databind.ser.impl,Multi,2,0,3,3,51,18,0,1,0.0,0,3
java,com.fasterxml.jackson.databind.ser.impl,FailingSerializer,1,0,4,4,19,4,0,3,0.75,0,3
java,com.fasterxml.jackson.databind.ser.impl,FilteredBeanPropertyWriter,6,0,16,13,104,26,0,0,0.1875,1,5
java,com.fasterxml.jackson.databind.ser.impl,SingleView,3,0,7,6,43,10,0,5,0.0,0,5
java,com.fasterxml.jackson.databind.ser.impl,MultiView,3,0,8,6,50,14,0,5,0.0,0,5
java,com.fasterxml.jackson.databind.ser.impl,PropertyBasedObjectIdGenerator,2,0,7,6,46,10,0,0,0.5714285714285714,1,3
java,com.fasterxml.jackson.databind.ser.impl,IteratorSerializer,0,0,9,8,78,19,0,5,-1.0,1,7
java,com.fasterxml.jackson.databind.ser.impl,AttributePropertyWriter,2,0,6,2,31,6,0,6,0.6666666666666666,2,7
java,com.fasterxml.jackson.databind.ser.impl,StringCollectionSerializer,1,1,8,3,56,12,0,4,0.75,2,5
java,com.fasterxml.jackson.databind.ser.impl,MapEntrySerializer,12,1,16,11,291,55,0,4,0.25,2,12
java,com.fasterxml.jackson.databind.ser.std,ByteArraySerializer,1,0,6,6,31,7,0,3,1.0,0,6
java,com.fasterxml.jackson.databind.ser.std,ByteBufferSerializer,0,0,3,3,25,6,0,4,-1.0,0,4
java,com.fasterxml.jackson.databind.ser.std,ToStringSerializer,1,1,3,3,25,3,0,4,1.0,6,1
java,com.fasterxml.jackson.databind.ser.std,AtomicReferenceSerializer,1,0,7,2,24,7,0,4,1.0,2,6
java,com.fasterxml.jackson.databind.ser.std,EnumSetSerializer,0,0,8,8,44,12,0,5,-1.0,1,6
java,com.fasterxml.jackson.databind.ser.std,AsArraySerializerBase,7,0,16,9,180,34,5,4,0.125,1,14
java,com.fasterxml.jackson.databind.ser.std,SqlDateSerializer,0,0,5,3,28,7,0,5,-1.0,1,1
java,com.fasterxml.jackson.databind.ser.std,BeanSerializerBase,10,0,30,11,595,118,3,3,0.1,4,25
java,com.fasterxml.jackson.databind.ser.std,BooleanSerializer,4,0,11,11,70,15,0,4,0.6363636363636364,0,5
java,com.fasterxml.jackson.databind.ser.std,AsNumber,2,0,5,5,34,7,0,4,0.8,0,5
java,com.fasterxml.jackson.databind.ser.std,InetAddressSerializer,1,0,5,5,57,11,0,4,0.4,0,3
java,com.fasterxml.jackson.databind.ser.std,StdKeySerializers,13,0,15,12,206,45,0,0,0.4666666666666667,1,10
java,com.fasterxml.jackson.databind.ser.std,Default,9,0,2,2,62,12,0,3,0.0,2,1
java,com.fasterxml.jackson.databind.ser.std,Dynamic,1,0,5,3,38,8,0,3,0.4,0,6
java,com.fasterxml.jackson.databind.ser.std,StringKeySerializer,0,0,2,2,11,2,0,3,-1.0,0,1
java,com.fasterxml.jackson.databind.ser.std,EnumKeySerializer,1,0,3,2,26,5,0,3,0.6666666666666666,1,2
java,com.fasterxml.jackson.databind.ser.std,StdArraySerializers,7,0,81,74,377,96,0,0,0.9382716049382716,2,14
java,com.fasterxml.jackson.databind.ser.std,TypedPrimitiveArraySerializer,0,0,3,1,14,3,3,5,-1.0,2,3
java,com.fasterxml.jackson.databind.ser.std,BooleanArraySerializer,1,0,12,11,53,14,0,5,0.9166666666666666,2,7
java,com.fasterxml.jackson.databind.ser.std,ShortArraySerializer,1,0,11,11,46,13,0,6,0.9090909090909091,2,6
java,com.fasterxml.jackson.databind.ser.std,CharArraySerializer,0,0,7,6,48,10,0,3,-1.0,0,5
java,com.fasterxml.jackson.databind.ser.std,IntArraySerializer,1,0,12,11,52,14,0,5,0.9166666666666666,2,6
java,com.fasterxml.jackson.databind.ser.std,LongArraySerializer,1,0,11,11,43,13,0,6,0.9090909090909091,2,5
java,com.fasterxml.jackson.databind.ser.std,FloatArraySerializer,1,0,11,11,45,13,0,6,0.9090909090909091,2,5
java,com.fasterxml.jackson.databind.ser.std,DoubleArraySerializer,1,0,12,11,52,14,0,5,0.9166666666666666,2,6
java,com.fasterxml.jackson.databind.ser.std,FileSerializer,0,0,4,4,17,4,0,4,-1.0,1,3
java,com.fasterxml.jackson.databind.ser.std,InetSocketAddressSerializer,0,0,3,3,27,5,0,4,-1.0,0,2
java,com.fasterxml.jackson.databind.ser.std,StdSerializer,3,0,30,7,304,62,23,2,0.5666666666666667,2,18
java,com.fasterxml.jackson.databind.ser.std,IterableSerializer,0,0,8,8,74,19,0,5,-1.0,1,6
java,com.fasterxml.jackson.databind.ser.std,ArraySerializerBase,2,0,11,4,91,17,6,4,0.0,1,4
java,com.fasterxml.jackson.databind.ser.std,StdKeySerializer,0,0,2,2,12,2,0,3,-1.0,0,1
java,com.fasterxml.jackson.databind.ser.std,ReferenceTypeSerializer,10,1,18,10,295,63,1,3,0.0,1,14
java,com.fasterxml.jackson.databind.ser.std,TokenBufferSerializer,0,0,5,5,25,5,0,3,-1.0,0,5
java,com.fasterxml.jackson.databind.ser.std,NumberSerializers,6,0,21,19,137,26,0,0,0.8571428571428571,0,11
java,com.fasterxml.jackson.databind.ser.std,Base,3,0,4,3,39,8,6,4,0.5,0,6
java,com.fasterxml.jackson.databind.ser.std,ShortSerializer,1,0,2,2,9,2,0,5,1.0,2,2
java,com.fasterxml.jackson.databind.ser.std,IntegerSerializer,0,0,3,3,14,3,0,5,-1.0,0,2
java,com.fasterxml.jackson.databind.ser.std,IntLikeSerializer,1,0,2,2,12,2,0,5,1.0,2,2
java,com.fasterxml.jackson.databind.ser.std,LongSerializer,0,0,2,2,8,2,0,5,-1.0,0,1
java,com.fasterxml.jackson.databind.ser.std,FloatSerializer,1,0,2,2,9,2,0,5,1.0,2,2
java,com.fasterxml.jackson.databind.ser.std,DoubleSerializer,0,0,4,4,25,5,0,5,-1.0,2,3
java,com.fasterxml.jackson.databind.ser.std,DateSerializer,1,1,5,4,28,6,0,5,0.8,3,2
java,com.fasterxml.jackson.databind.ser.std,SqlTimeSerializer,0,0,4,4,14,4,0,4,-1.0,1,3
java,com.fasterxml.jackson.databind.ser.std,ToStringSerializerBase,0,0,7,7,30,7,2,3,-1.0,0,4
java,com.fasterxml.jackson.databind.ser.std,DateTimeSerializerBase,3,0,11,6,118,27,3,4,0.45454545454545453,0,5
java,com.fasterxml.jackson.databind.ser.std,StdJdkSerializers,0,0,13,13,74,13,0,0,-1.0,0,12
java,com.fasterxml.jackson.databind.ser.std,AtomicBooleanSerializer,0,0,4,4,14,4,0,4,-1.0,1,3
java,com.fasterxml.jackson.databind.ser.std,AtomicIntegerSerializer,0,0,4,4,14,4,0,4,-1.0,1,3
java,com.fasterxml.jackson.databind.ser.std,AtomicLongSerializer,0,0,4,4,14,4,0,4,-1.0,1,3
java,com.fasterxml.jackson.databind.ser.std,StringSerializer,1,0,6,6,25,6,0,4,1.0,0,4
java,com.fasterxml.jackson.databind.ser.std,SerializableSerializer,1,1,5,4,24,6,0,3,1.0,2,6
java,com.fasterxml.jackson.databind.ser.std,RawSerializer,0,0,5,5,25,5,0,3,-1.0,0,4
java,com.fasterxml.jackson.databind.ser.std,EnumSerializer,3,0,9,7,120,27,0,4,0.3333333333333333,1,10
java,com.fasterxml.jackson.databind.ser.std,MapSerializer,16,1,37,24,828,162,0,4,0.10810810810810811,4,19
java,com.fasterxml.jackson.databind.ser.std,CalendarSerializer,1,1,5,4,25,6,0,5,0.8,4,2
java,com.fasterxml.jackson.databind.ser.std,ClassSerializer,0,0,4,4,17,4,0,4,-1.0,1,3
java,com.fasterxml.jackson.databind.ser.std,UUIDSerializer,1,0,8,4,67,11,0,4,0.625,1,4
java,com.fasterxml.jackson.databind.ser.std,StaticListSerializerBase,1,0,10,6,69,18,2,3,0.5,1,10
java,com.fasterxml.jackson.databind.ser.std,NonTypedScalarSerializerBase,0,0,3,1,14,3,0,4,-1.0,0,2
java,com.fasterxml.jackson.databind.ser.std,NumberSerializer,4,1,11,10,111,24,0,4,0.6363636363636364,4,7
java,com.fasterxml.jackson.databind.ser.std,BigDecimalAsStringSerializer,1,0,5,4,31,7,0,4,0.8,2,2
java,com.fasterxml.jackson.databind.ser.std,MapProperty,8,0,18,18,95,22,0,4,0.16666666666666666,1,6
java,com.fasterxml.jackson.databind.ser.std,ObjectArraySerializer,5,0,18,16,233,47,0,5,0.16666666666666666,1,12
java,com.fasterxml.jackson.databind.ser.std,StdDelegatingSerializer,3,0,16,12,132,30,0,3,0.0,0,8
java,com.fasterxml.jackson.databind.ser.std,TimeZoneSerializer,0,0,3,3,13,3,0,4,-1.0,0,2
java,com.fasterxml.jackson.databind.ser.std,StdScalarSerializer,0,0,5,3,25,5,20,3,-1.0,0,4
java,com.fasterxml.jackson.databind.ser.std,NullSerializer,1,1,5,4,24,5,0,3,1.0,3,5
java,com.fasterxml.jackson.databind.ser.std,JsonValueSerializer,6,0,34,31,247,53,0,3,0.08823529411764706,1,13
java,com.fasterxml.jackson.databind.ser.std,TypeSerializerRerouter,2,0,22,22,75,22,0,1,0.09090909090909091,1,2
java,com.fasterxml.jackson.databind.ser.std,CollectionSerializer,1,0,10,10,119,23,0,5,0.8,1,7
java,com.fasterxml.jackson.databind.cfg,SerializerFactoryConfig,6,0,11,10,70,14,0,0,0.18181818181818182,2,2
java,com.fasterxml.jackson.databind.cfg,MapperConfig,5,0,55,51,351,65,1,1,0.45454545454545453,43,12
java,com.fasterxml.jackson.databind.cfg,ContextAttributes,5,0,16,12,119,28,1,0,0.5625,8,1
java,com.fasterxml.jackson.databind.cfg,Impl,5,0,10,6,99,22,0,1,0.2,2,1
java,com.fasterxml.jackson.databind.cfg,MutableConfigOverride,1,0,11,10,66,11,0,1,1.0,2,1
java,com.fasterxml.jackson.databind.cfg,ConfigOverride,9,0,12,9,105,12,2,0,0.3333333333333333,5,2
java,com.fasterxml.jackson.databind.cfg,Empty,1,0,1,0,9,1,0,1,0.0,2,1
java,com.fasterxml.jackson.databind.cfg,MapperConfigBase,10,0,58,46,471,81,2,2,0.13793103448275862,1,18
java,com.fasterxml.jackson.databind.cfg,ConfigFeature,0,0,3,3,18,3,0,0,-1.0,0,0
java,com.fasterxml.jackson.databind.cfg,MapperBuilder,1,0,71,68,391,83,1,0,0.056338028169014086,1,15
java,com.fasterxml.jackson.databind.cfg,BaseSettings,13,0,29,28,222,43,0,0,0.06896551724137931,5,8
java,com.fasterxml.jackson.databind.cfg,DeserializerFactoryConfig,11,0,17,16,132,22,0,0,0.11764705882352941,2,5
java,com.fasterxml.jackson.databind.cfg,ConfigOverrides,7,0,18,15,159,28,0,0,0.16666666666666666,4,4
java,com.fasterxml.jackson.databind.cfg,HandlerInstantiator,0,0,12,12,89,12,0,0,-1.0,12,5
java,com.fasterxml.jackson.databind.jsontype,TypeSerializer,0,0,25,24,183,30,2,0,-1.0,76,1
java,com.fasterxml.jackson.databind.jsontype,DefaultBaseTypeLimitingValidator,3,1,6,4,53,7,0,1,0.6666666666666666,0,3
java,com.fasterxml.jackson.databind.jsontype,UnsafeBaseTypes,2,1,1,1,17,1,0,0,0.0,2,1
java,com.fasterxml.jackson.databind.jsontype,BasicPolymorphicTypeValidator,9,0,29,24,234,44,0,2,0.7241379310344828,0,5
java,com.fasterxml.jackson.databind.jsontype,TypeMatcher,0,0,1,1,6,1,0,0,-1.0,2,1
java,com.fasterxml.jackson.databind.jsontype,NameMatcher,0,0,1,1,6,1,0,0,-1.0,2,1
java,com.fasterxml.jackson.databind.jsontype,Builder,4,0,22,18,153,26,0,0,0.4090909090909091,0,3
java,com.fasterxml.jackson.databind.jsontype,PolymorphicTypeValidator,2,0,6,6,58,6,2,0,1.0,11,2
java,com.fasterxml.jackson.databind.jsontype,Base,1,0,3,3,15,3,2,1,1.0,0,2
java,com.fasterxml.jackson.databind.jsontype,TypeResolverBuilder,0,0,8,8,50,8,1,0,-1.0,10,4
java,com.fasterxml.jackson.databind.jsontype,TypeIdResolver,0,0,7,7,36,7,1,0,-1.0,17,2
java,com.fasterxml.jackson.databind.jsontype,SubtypeResolver,0,0,9,9,58,9,1,0,-1.0,5,6
java,com.fasterxml.jackson.databind.jsontype,TypeDeserializer,0,0,11,11,81,22,1,0,-1.0,49,4
java,com.fasterxml.jackson.databind.jsontype,NamedType,4,0,9,9,45,12,0,0,0.2222222222222222,8,1
java,com.fasterxml.jackson.databind.jsontype.impl,AsArrayTypeDeserializer,1,0,11,8,96,20,2,2,0.45454545454545453,1,6
java,com.fasterxml.jackson.databind.jsontype.impl,AsExistingPropertyTypeSerializer,0,0,3,3,14,3,0,4,-1.0,0,2
java,com.fasterxml.jackson.databind.jsontype.impl,AsWrapperTypeDeserializer,1,0,9,7,73,16,0,2,0.5555555555555556,1,6
java,com.fasterxml.jackson.databind.jsontype.impl,StdTypeResolverBuilder,6,0,18,13,197,50,1,1,0.16666666666666666,1,11
java,com.fasterxml.jackson.databind.jsontype.impl,AsWrapperTypeSerializer,0,0,5,3,26,6,0,2,-1.0,0,3
java,com.fasterxml.jackson.databind.jsontype.impl,AsArrayTypeSerializer,0,0,3,3,14,3,1,2,-1.0,0,2
java,com.fasterxml.jackson.databind.jsontype.impl,TypeIdResolverBase,2,0,6,4,31,6,2,1,0.8333333333333334,0,3
java,com.fasterxml.jackson.databind.jsontype.impl,TypeSerializerBase,2,0,10,5,56,14,3,1,0.4,0,2
java,com.fasterxml.jackson.databind.jsontype.impl,StdSubtypeResolver,2,0,11,8,187,49,0,1,0.36363636363636365,0,7
java,com.fasterxml.jackson.databind.jsontype.impl,AsPropertyTypeSerializer,1,0,4,4,19,4,1,3,0.5,0,2
java,com.fasterxml.jackson.databind.jsontype.impl,ClassNameIdResolver,2,0,11,8,79,21,1,2,0.6363636363636364,1,7
java,com.fasterxml.jackson.databind.jsontype.impl,AsExternalTypeSerializer,1,0,10,4,44,13,0,2,0.5,0,2
java,com.fasterxml.jackson.databind.jsontype.impl,MinimalClassNameIdResolver,2,0,5,3,49,9,0,3,0.6,1,5
java,com.fasterxml.jackson.databind.jsontype.impl,TypeDeserializerBase,9,0,16,8,174,30,2,1,0.1875,1,7
java,com.fasterxml.jackson.databind.jsontype.impl,SubTypeValidator,5,0,3,2,138,11,0,0,1.0,2,4
java,com.fasterxml.jackson.databind.jsontype.impl,TypeNameIdResolver,4,0,11,7,112,26,0,2,0.18181818181818182,2,5
java,com.fasterxml.jackson.databind.jsontype.impl,LaissezFaireSubTypeValidator,2,1,3,3,17,3,0,2,1.0,6,4
java,com.fasterxml.jackson.databind.jsontype.impl,AsExternalTypeDeserializer,1,0,5,4,27,6,0,3,1.0,1,4
java,com.fasterxml.jackson.databind.jsontype.impl,AsPropertyTypeDeserializer,2,0,9,7,121,29,0,3,0.4444444444444444,1,7
java,com.fasterxml.jackson.databind.util,PrimitiveArrayBuilder,10,0,12,9,112,18,7,0,0.3333333333333333,0,1
java,com.fasterxml.jackson.databind.util,Node,3,0,5,5,35,6,0,0,0.4,2,1
java,com.fasterxml.jackson.databind.util,TokenBufferReadContext,4,0,15,11,93,19,0,0,0.3333333333333333,3,1
java,com.fasterxml.jackson.databind.util,JSONWrappedObject,4,0,8,8,63,12,0,1,0.25,0,3
java,com.fasterxml.jackson.databind.util,ByteBufferBackedOutputStream,1,0,3,3,15,3,0,0,0.0,0,0
java,com.fasterxml.jackson.databind.util,ISO8601DateFormat,1,0,5,5,31,5,0,0,1.0,0,1
java,com.fasterxml.jackson.databind.util,ArrayBuilders,7,0,26,26,173,54,0,0,1.0,14,8
java,com.fasterxml.jackson.databind.util,BooleanBuilder,0,0,2,2,7,2,0,1,-1.0,3,0
java,com.fasterxml.jackson.databind.util,ByteBuilder,0,0,2,2,7,2,0,1,-1.0,3,0
java,com.fasterxml.jackson.databind.util,ShortBuilder,0,0,2,2,7,2,0,1,-1.0,3,0
java,com.fasterxml.jackson.databind.util,IntBuilder,0,0,2,2,7,2,0,1,-1.0,3,0
java,com.fasterxml.jackson.databind.util,LongBuilder,0,0,2,2,7,2,0,1,-1.0,3,0
java,com.fasterxml.jackson.databind.util,FloatBuilder,0,0,2,2,7,2,0,1,-1.0,3,0
java,com.fasterxml.jackson.databind.util,DoubleBuilder,0,0,2,2,7,2,0,1,-1.0,3,0
java,com.fasterxml.jackson.databind.util,ByteBufferBackedInputStream,1,0,4,4,21,5,0,0,0.0,0,0
java,com.fasterxml.jackson.databind.util,JSONPObject,3,0,7,7,65,11,0,1,0.2857142857142857,0,3
java,com.fasterxml.jackson.databind.util,LinkedNode,2,0,5,5,40,8,0,0,0.0,4,1
java,com.fasterxml.jackson.databind.util,StdDateFormat,18,2,41,22,513,89,0,0,0.12195121951219512,5,1
java,com.fasterxml.jackson.databind.util,Converter,0,0,3,3,30,3,3,0,-1.0,10,1
java,com.fasterxml.jackson.databind.util,None,0,0,0,0,6,0,0,1,-1.0,0,0
java,com.fasterxml.jackson.databind.util,Annotations,0,0,4,4,21,4,4,0,-1.0,15,0
java,com.fasterxml.jackson.databind.util,EnumValues,5,0,11,10,104,20,0,0,0.2727272727272727,4,4
java,com.fasterxml.jackson.databind.util,ObjectBuffer,6,0,11,9,136,22,0,0,0.18181818181818182,5,1
java,com.fasterxml.jackson.databind.util,NameTransformer,5,1,20,19,117,32,2,0,0.75,27,1
java,com.fasterxml.jackson.databind.util,NopTransformer,1,0,2,2,9,2,0,1,1.0,0,0
java,com.fasterxml.jackson.databind.util,Chained,3,0,4,4,21,5,0,1,0.0,0,1
java,com.fasterxml.jackson.databind.util,RawValue,1,0,12,10,78,20,0,1,0.0,6,5
java,com.fasterxml.jackson.databind.util,TypeKey,4,0,18,18,101,24,0,0,0.2222222222222222,3,2
java,com.fasterxml.jackson.databind.util,ArrayIterator,2,0,5,5,26,6,0,0,0.6,0,0
java,com.fasterxml.jackson.databind.util,TokenBuffer,32,1,148,122,1495,348,0,0,0.2702702702702703,13,6
java,com.fasterxml.jackson.databind.util,Parser,10,0,44,37,390,108,0,0,0.1590909090909091,1,3
java,com.fasterxml.jackson.databind.util,Segment,6,1,19,10,152,32,0,0,0.10526315789473684,3,1
java,com.fasterxml.jackson.databind.util,StdConverter,0,0,4,3,21,5,0,1,-1.0,0,2
java,com.fasterxml.jackson.databind.util,RootNameLookup,2,0,4,3,38,6,0,0,0.75,4,8
java,com.fasterxml.jackson.databind.util,LRUMap,4,0,9,6,58,13,0,0,0.2222222222222222,3,0
java,com.fasterxml.jackson.databind.util,ClassUtil,11,1,85,79,928,194,0,0,0.5411764705882353,87,6
java,com.fasterxml.jackson.databind.util,EnumTypeLocator,3,0,5,2,58,14,0,0,0.0,2,1
java,com.fasterxml.jackson.databind.util,Ctor,4,1,6,6,43,9,0,0,0.0,1,0
java,com.fasterxml.jackson.databind.util,ISO8601Utils,2,0,8,5,228,36,0,0,0.0,2,1
java,com.fasterxml.jackson.databind.util,EnumResolver,5,0,17,16,156,31,0,0,0.23529411764705882,6,3
java,com.fasterxml.jackson.databind.util,SimpleBeanPropertyDefinition,5,0,30,29,173,40,0,2,0.23333333333333334,3,8
java,com.fasterxml.jackson.databind.util,CompactStringObjectMap,5,0,7,4,119,27,0,0,0.2857142857142857,2,1
java,com.fasterxml.jackson.databind.util,BeanUtil,0,0,11,7,176,37,0,0,-1.0,7,4
java,com.fasterxml.jackson.databind.util,Named,0,0,1,1,6,1,2,0,-1.0,1,0
java,com.fasterxml.jackson.databind.util,ViewMatcher,6,0,6,6,48,11,2,0,0.6666666666666666,2,1
java,com.fasterxml.jackson.databind.util,Single,2,0,2,2,10,2,0,1,0.0,0,0
java,com.fasterxml.jackson.databind.util,Multi,2,0,2,2,16,4,0,1,0.0,0,0
java,com.fasterxml.jackson.databind.type,ArrayType,3,0,25,22,123,33,0,2,0.36,13,3
java,com.fasterxml.jackson.databind.type,ResolvedRecursiveType,2,0,18,17,89,27,0,2,0.6666666666666666,3,2
java,com.fasterxml.jackson.databind.type,SimpleType,1,0,23,15,177,46,1,2,0.9130434782608695,2,5
java,com.fasterxml.jackson.databind.type,TypeModifier,0,0,1,1,14,1,0,0,-1.0,4,3
java,com.fasterxml.jackson.databind.type,TypeBase,7,0,18,13,171,43,6,1,0.3333333333333333,7,6
java,com.fasterxml.jackson.databind.type,TypeFactory,26,0,70,44,929,195,0,0,0.11428571428571428,33,16
java,com.fasterxml.jackson.databind.type,MapType,1,0,16,13,77,20,0,3,1.0,12,3
java,com.fasterxml.jackson.databind.type,MapLikeType,3,0,29,25,173,43,1,2,0.2413793103448276,14,4
java,com.fasterxml.jackson.databind.type,ClassStack,3,0,7,6,59,14,0,0,0.42857142857142855,2,3
java,com.fasterxml.jackson.databind.type,PlaceholderForType,3,0,18,15,68,18,0,2,0.2777777777777778,0,3
java,com.fasterxml.jackson.databind.type,CollectionLikeType,2,0,26,22,146,36,1,2,0.3076923076923077,14,4
java,com.fasterxml.jackson.databind.type,CollectionType,1,0,13,10,68,16,0,3,1.0,12,3
java,com.fasterxml.jackson.databind.type,ReferenceType,3,0,24,20,144,36,0,3,0.2916666666666667,13,4
java,com.fasterxml.jackson.databind.type,ClassKey,4,0,7,7,43,10,0,0,0.0,4,1
java,com.fasterxml.jackson.databind.type,TypeParser,5,0,13,9,99,22,0,0,0.15384615384615385,1,5
java,com.fasterxml.jackson.databind.type,MyTokenizer,3,0,6,6,34,7,0,0,0.0,1,0
java,com.fasterxml.jackson.databind.type,TypeBindings,19,0,28,25,332,78,0,0,0.17857142857142858,19,6
java,com.fasterxml.jackson.databind.type,TypeParamStash,8,0,2,2,43,10,0,0,1.0,1,0
java,com.fasterxml.jackson.databind.type,AsKey,3,0,4,4,39,11,0,0,0.0,2,1
java,com.fasterxml.jackson.databind.jsonschema,SchemaAware,0,0,2,2,20,2,4,0,-1.0,0,1
java,com.fasterxml.jackson.databind.jsonschema,JsonSchema,1,0,6,6,47,10,0,0,0.3333333333333333,5,3
