,arquivos_criticos,qtd_arquivos_dependentes,arquivos_dependentes
0,com.google.gson.internal.$Gson$Types.java,5,"['com.google.gson.reflect.TypeToken.java', 'com.google.gson.internal.bind.MapTypeAdapterFactory.java', 'com.google.gson.internal.bind.ReflectiveTypeAdapterFactory.java', 'com.google.gson.internal.bind.CollectionTypeAdapterFactory.java', 'com.google.gson.internal.bind.ArrayTypeAdapter.java']"
1,com.google.gson.internal.ConstructorConstructor.java,5,"['com.google.gson.internal.bind.JsonAdapterAnnotationTypeAdapterFactory.java', 'com.google.gson.internal.bind.MapTypeAdapterFactory.java', 'com.google.gson.internal.bind.ReflectiveTypeAdapterFactory.java', 'com.google.gson.internal.bind.CollectionTypeAdapterFactory.java', 'com.google.gson.Gson.java']"
2,com.google.gson.internal.bind.DefaultDateTypeAdapter.java,1,['com.google.gson.GsonBuilder.java']
3,com.google.gson.internal.Excluder.java,3,"['com.google.gson.internal.bind.ReflectiveTypeAdapterFactory.java', 'com.google.gson.Gson.java', 'com.google.gson.GsonBuilder.java']"
4,com.google.gson.FieldAttributes.java,1,['com.google.gson.internal.Excluder.java']
5,com.google.gson.FieldNamingPolicy.java,0,[]
6,com.google.gson.Gson.java,16,"['com.google.gson.internal.sql.SqlDateTypeAdapter.java', 'com.google.gson.internal.sql.SqlTimestampTypeAdapter.java', 'com.google.gson.internal.sql.SqlTimeTypeAdapter.java', 'com.google.gson.internal.Excluder.java', 'com.google.gson.internal.bind.JsonAdapterAnnotationTypeAdapterFactory.java', 'com.google.gson.internal.bind.NumberTypeAdapter.java', 'com.google.gson.internal.bind.TreeTypeAdapter.java', 'com.google.gson.internal.bind.DateTypeAdapter.java', 'com.google.gson.internal.bind.MapTypeAdapterFactory.java', 'com.google.gson.internal.bind.ReflectiveTypeAdapterFactory.java', 'com.google.gson.internal.bind.TypeAdapterRuntimeTypeWrapper.java', 'com.google.gson.internal.bind.TypeAdapters.java', 'com.google.gson.internal.bind.CollectionTypeAdapterFactory.java', 'com.google.gson.internal.bind.ObjectTypeAdapter.java', 'com.google.gson.internal.bind.ArrayTypeAdapter.java', 'com.google.gson.annotations.JsonAdapter.java']"
7,com.google.gson.GsonBuilder.java,2,"['com.google.gson.annotations.Since.java', 'com.google.gson.annotations.Until.java']"
8,com.google.gson.internal.bind.JsonAdapterAnnotationTypeAdapterFactory.java,1,['com.google.gson.Gson.java']
9,com.google.gson.JsonArray.java,3,"['com.google.gson.internal.bind.JsonTreeReader.java', 'com.google.gson.internal.bind.TypeAdapters.java', 'com.google.gson.internal.bind.JsonTreeWriter.java']"
10,com.google.gson.JsonDeserializationContext.java,1,['com.google.gson.internal.bind.TreeTypeAdapter.java']
11,com.google.gson.JsonElement.java,6,"['com.google.gson.internal.Streams.java', 'com.google.gson.internal.bind.JsonTreeReader.java', 'com.google.gson.internal.bind.TreeTypeAdapter.java', 'com.google.gson.internal.bind.MapTypeAdapterFactory.java', 'com.google.gson.internal.bind.TypeAdapters.java', 'com.google.gson.internal.bind.JsonTreeWriter.java']"
12,com.google.gson.JsonNull.java,4,"['com.google.gson.internal.Streams.java', 'com.google.gson.internal.bind.JsonTreeReader.java', 'com.google.gson.internal.bind.TypeAdapters.java', 'com.google.gson.internal.bind.JsonTreeWriter.java']"
13,com.google.gson.JsonObject.java,3,"['com.google.gson.internal.bind.JsonTreeReader.java', 'com.google.gson.internal.bind.TypeAdapters.java', 'com.google.gson.internal.bind.JsonTreeWriter.java']"
14,com.google.gson.JsonParser.java,0,[]
15,com.google.gson.JsonPrimitive.java,4,"['com.google.gson.internal.bind.JsonTreeReader.java', 'com.google.gson.internal.bind.MapTypeAdapterFactory.java', 'com.google.gson.internal.bind.TypeAdapters.java', 'com.google.gson.internal.bind.JsonTreeWriter.java']"
16,com.google.gson.stream.JsonReader.java,25,"['com.google.gson.JsonStreamParser.java', 'com.google.gson.JsonParser.java', 'com.google.gson.internal.JsonReaderInternalAccess.java', 'com.google.gson.internal.sql.SqlDateTypeAdapter.java', 'com.google.gson.internal.sql.SqlTimestampTypeAdapter.java', 'com.google.gson.internal.sql.SqlTimeTypeAdapter.java', 'com.google.gson.internal.Streams.java', 'com.google.gson.internal.Excluder.java', 'com.google.gson.internal.bind.NumberTypeAdapter.java', 'com.google.gson.internal.bind.JsonTreeReader.java', 'com.google.gson.internal.bind.DefaultDateTypeAdapter.java', 'com.google.gson.internal.bind.TreeTypeAdapter.java', 'com.google.gson.internal.bind.DateTypeAdapter.java', 'com.google.gson.internal.bind.MapTypeAdapterFactory.java', 'com.google.gson.internal.bind.ReflectiveTypeAdapterFactory.java', 'com.google.gson.internal.bind.TypeAdapterRuntimeTypeWrapper.java', 'com.google.gson.internal.bind.TypeAdapters.java', 'com.google.gson.internal.bind.CollectionTypeAdapterFactory.java', 'com.google.gson.internal.bind.ObjectTypeAdapter.java', 'com.google.gson.internal.bind.ArrayTypeAdapter.java', 'com.google.gson.TypeAdapter.java', 'com.google.gson.Gson.java', 'com.google.gson.ToNumberPolicy.java', 'com.google.gson.GsonBuilder.java', 'com.google.gson.ToNumberStrategy.java']"
17,com.google.gson.stream.JsonWriter.java,22,"['com.google.gson.FormattingStyle.java', 'com.google.gson.internal.sql.SqlDateTypeAdapter.java', 'com.google.gson.internal.sql.SqlTimestampTypeAdapter.java', 'com.google.gson.internal.sql.SqlTimeTypeAdapter.java', 'com.google.gson.internal.Streams.java', 'com.google.gson.internal.Excluder.java', 'com.google.gson.internal.bind.NumberTypeAdapter.java', 'com.google.gson.internal.bind.DefaultDateTypeAdapter.java', 'com.google.gson.internal.bind.TreeTypeAdapter.java', 'com.google.gson.internal.bind.DateTypeAdapter.java', 'com.google.gson.internal.bind.MapTypeAdapterFactory.java', 'com.google.gson.internal.bind.ReflectiveTypeAdapterFactory.java', 'com.google.gson.internal.bind.TypeAdapterRuntimeTypeWrapper.java', 'com.google.gson.internal.bind.TypeAdapters.java', 'com.google.gson.internal.bind.CollectionTypeAdapterFactory.java', 'com.google.gson.internal.bind.JsonTreeWriter.java', 'com.google.gson.internal.bind.ObjectTypeAdapter.java', 'com.google.gson.internal.bind.ArrayTypeAdapter.java', 'com.google.gson.TypeAdapter.java', 'com.google.gson.Gson.java', 'com.google.gson.GsonBuilder.java', 'com.google.gson.JsonElement.java']"
18,com.google.gson.internal.LazilyParsedNumber.java,4,"['com.google.gson.JsonPrimitive.java', 'com.google.gson.internal.bind.TypeAdapters.java', 'com.google.gson.Gson.java', 'com.google.gson.ToNumberPolicy.java']"
19,com.google.gson.internal.LinkedTreeMap.java,2,"['com.google.gson.JsonObject.java', 'com.google.gson.internal.bind.ObjectTypeAdapter.java']"
20,com.google.gson.internal.bind.MapTypeAdapterFactory.java,1,['com.google.gson.Gson.java']
21,com.google.gson.internal.bind.ObjectTypeAdapter.java,1,['com.google.gson.Gson.java']
22,com.google.gson.internal.$Gson$Preconditions.java,2,"['com.google.gson.internal.bind.TreeTypeAdapter.java', 'com.google.gson.GsonBuilder.java']"
23,com.google.gson.internal.bind.ReflectiveTypeAdapterFactory.java,1,['com.google.gson.Gson.java']
24,com.google.gson.internal.Streams.java,6,"['com.google.gson.JsonStreamParser.java', 'com.google.gson.JsonParser.java', 'com.google.gson.internal.bind.TreeTypeAdapter.java', 'com.google.gson.internal.bind.MapTypeAdapterFactory.java', 'com.google.gson.Gson.java', 'com.google.gson.JsonElement.java']"
25,com.google.gson.internal.bind.TreeTypeAdapter.java,1,['com.google.gson.GsonBuilder.java']
26,com.google.gson.internal.sql.SqlDateTypeAdapter.java,0,[]
27,com.google.gson.internal.bind.TypeAdapters.java,3,"['com.google.gson.internal.Streams.java', 'com.google.gson.Gson.java', 'com.google.gson.GsonBuilder.java']"
28,com.google.gson.reflect.TypeToken.java,19,"['com.google.gson.TypeAdapterFactory.java', 'com.google.gson.internal.sql.SqlDateTypeAdapter.java', 'com.google.gson.internal.sql.SqlTimestampTypeAdapter.java', 'com.google.gson.internal.sql.SqlTimeTypeAdapter.java', 'com.google.gson.internal.ConstructorConstructor.java', 'com.google.gson.internal.Excluder.java', 'com.google.gson.internal.bind.JsonAdapterAnnotationTypeAdapterFactory.java', 'com.google.gson.internal.bind.NumberTypeAdapter.java', 'com.google.gson.internal.bind.TreeTypeAdapter.java', 'com.google.gson.internal.bind.DateTypeAdapter.java', 'com.google.gson.internal.bind.MapTypeAdapterFactory.java', 'com.google.gson.internal.bind.ReflectiveTypeAdapterFactory.java', 'com.google.gson.internal.bind.TypeAdapterRuntimeTypeWrapper.java', 'com.google.gson.internal.bind.TypeAdapters.java', 'com.google.gson.internal.bind.CollectionTypeAdapterFactory.java', 'com.google.gson.internal.bind.ObjectTypeAdapter.java', 'com.google.gson.internal.bind.ArrayTypeAdapter.java', 'com.google.gson.Gson.java', 'com.google.gson.GsonBuilder.java']"
