ProjectName,PackageName,TypeName,CodeSmell
core,org.apache.accumulo.core.spi.crypto,AESCryptoService,Cyclic-Dependent Modularization
core,org.apache.accumulo.core.conf,AccumuloConfiguration,Cyclic-Dependent Modularization
core,org.apache.accumulo.core.metadata.schema,Ample,Cyclic-Dependent Modularization
core,org.apache.accumulo.core.clientImpl,ClientContext,Cyclic-Dependent Modularization
core,org.apache.accumulo.core.clientImpl,ClientContext,Hub-like Modularization
core,org.apache.accumulo.core.fate,Fate,Cyclic-Dependent Modularization
core,org.apache.accumulo.core.logging,FateLogger,Cyclic-Dependent Modularization
core,org.apache.accumulo.core.rpc.clients,FateThriftClient,Cyclic-Dependent Modularization
core,org.apache.accumulo.core.rpc.clients,ManagerThriftClient,Cyclic-Dependent Modularization
core,org.apache.accumulo.core.file.rfile,RFile,Cyclic-Dependent Modularization
core,org.apache.accumulo.core.file.rfile,RFileTest,Cyclic-Dependent Modularization
core,org.apache.accumulo.core.clientImpl,ScannerImpl,Cyclic-Dependent Modularization
core,org.apache.accumulo.core.clientImpl,ScannerIterator,Cyclic-Dependent Modularization
core,org.apache.accumulo.core.clientImpl,TableOperationsImpl,Cyclic-Dependent Modularization
core,org.apache.accumulo.core.clientImpl.bulk,Tablet,Cyclic-Dependent Modularization
core,org.apache.accumulo.core.clientImpl,TabletLocator,Cyclic-Dependent Modularization
core,org.apache.accumulo.core.metadata.schema,TabletMetadata,Cyclic-Dependent Modularization
core,org.apache.accumulo.core.clientImpl,TabletServerBatchReaderIterator,Cyclic-Dependent Modularization
core,org.apache.accumulo.core.rpc.clients,TabletServerThriftClient,Cyclic-Dependent Modularization
core,org.apache.accumulo.core.metadata.schema,TabletsMetadata,Cyclic-Dependent Modularization
core,org.apache.accumulo.core.file.rfile,TestRFile,Cyclic-Dependent Modularization
core,org.apache.accumulo.core.rpc.clients,ThriftClientTypes,Cyclic-Dependent Modularization
core,org.apache.accumulo.core.clientImpl,ThriftScanner,Cyclic-Dependent Modularization
core,org.apache.accumulo.core.clientImpl,ThriftTransportPool,Cyclic-Dependent Modularization
core,org.apache.accumulo.core.rpc,ThriftUtil,Cyclic-Dependent Modularization
core,org.apache.accumulo.core.clientImpl,UserCompactionUtils,Cyclic-Dependent Modularization
core,org.apache.accumulo.core.fate.zookeeper,ZooCache,Cyclic-Dependent Modularization
